Unnamed: 0,code,name,description,material,size,fragm,cultlayer,execorg,survyear,row_id,image_file,image_abs,image_exists,artifact_id,group_key,name_raw,name_norm,material_raw,material_norm,fragm_raw,fragm_norm,raw_label,norm_label,label_is_missing,label_is_uncertain,group_has_conflict,is_very_rare,quality_flag,reason_flag
40,М102-2012-1-0494,Изразец,Изразца красноглиняного с белой поливой и кобальтовой (растительной либо сюжетной ?) росписью фр-т,Керамика,"7+ х 3,5+ х 1,1+ см",Фрагмент,Пестрая мешаная супесь,ИИМК РАН,2012.0,0,dataset/М102-2012-1-0494_orig.jpg,cu_data/dataset/М102-2012-1-0494_orig.jpg,True,М102-2012-1-0494,М102-2012-1,Изразец,изразец,Керамика,керамика,Фрагмент,фрагмент,Изразец,изразец,False,True,True,False,uncertain_label|group_conflict,abbr_in_description|uncertain_text|group_conflict
59,М102-2012-1-0585,Тарелка,Сосуда (тарелки ?) фаянсового с белой поливой внутри и снаружи края фр-т,Фаянс,D? см,Фрагмент,Дерн со щепой,ИИМК РАН,2012.0,3,dataset/М102-2012-1-0585_orig.jpg,cu_data/dataset/М102-2012-1-0585_orig.jpg,True,М102-2012-1-0585,М102-2012-1,Тарелка,тарелка,Фаянс,фаянс,Фрагмент,фрагмент,Тарелка,тарелка,False,True,True,False,uncertain_label|group_conflict,abbr_in_description|uncertain_text|group_conflict
63,М102-2012-1-0603,Изразец,Изразца (перемычки?) красноглиняного с белой поливой и голубой росписью фр-т,Керамика,"3,8+ х 2,8 х 5,1+ см",Фрагмент,Дерн со щепой,ИИМК РАН,2012.0,4,dataset/М102-2012-1-0603_orig.jpg,cu_data/dataset/М102-2012-1-0603_orig.jpg,True,М102-2012-1-0603,М102-2012-1,Изразец,изразец,Керамика,керамика,Фрагмент,фрагмент,Изразец,изразец,False,True,True,False,uncertain_label|group_conflict,abbr_in_description|uncertain_text|group_conflict
85,М102-2012-1-0752,Тарелка,"Сосуда (тарелки, блюда ?) красноглиняной с белой поливой снаружи и внутри с росписью (синие цветы с листьями в центре сосуда) донца фр-т",Керамика,D ок 19 см,Фрагмент,Темно-серая сильногумусированная супесь (низ пестрой),ИИМК РАН,2012.0,7,dataset/М102-2012-1-0752_orig.jpg,cu_data/dataset/М102-2012-1-0752_orig.jpg,True,М102-2012-1-0752,М102-2012-1,Тарелка,тарелка,Керамика,керамика,Фрагмент,фрагмент,Тарелка,тарелка,False,True,True,False,uncertain_label|group_conflict,abbr_in_description|uncertain_text|group_conflict
103,М102-2012-1-0827,Тарелка,Сосуда (тарелки ?) фаянсового с белой поливой внутри и снаружи края фр-т,Фаянс,D19 см,Фрагмент,Дерн со щепой,ИИМК РАН,2012.0,8,dataset/М102-2012-1-0827_orig.jpg,cu_data/dataset/М102-2012-1-0827_orig.jpg,True,М102-2012-1-0827,М102-2012-1,Тарелка,тарелка,Фаянс,фаянс,Фрагмент,фрагмент,Тарелка,тарелка,False,True,True,False,uncertain_label|group_conflict,abbr_in_description|uncertain_text|group_conflict
105,М102-2012-1-0833,Тарелка,Сосуда (тарелки ?) фаянсового с белой поливой внутри и снаружи края фр-т,Фаянс,D? см,Фрагмент,Дерн со щепой,ИИМК РАН,2012.0,9,dataset/М102-2012-1-0833_orig.jpg,cu_data/dataset/М102-2012-1-0833_orig.jpg,True,М102-2012-1-0833,М102-2012-1,Тарелка,тарелка,Фаянс,фаянс,Фрагмент,фрагмент,Тарелка,тарелка,False,True,True,False,uncertain_label|group_conflict,abbr_in_description|uncertain_text|group_conflict
110,М102-2012-1-0843,Тарелка,Сосуда (тарелки ?) фаянсового с белой поливой внутри и снаружи края фр-т,Фаянс,D? см,Фрагмент,Дерн со щепой,ИИМК РАН,2012.0,11,dataset/М102-2012-1-0843_orig.jpg,cu_data/dataset/М102-2012-1-0843_orig.jpg,True,М102-2012-1-0843,М102-2012-1,Тарелка,тарелка,Фаянс,фаянс,Фрагмент,фрагмент,Тарелка,тарелка,False,True,True,False,uncertain_label|group_conflict,abbr_in_description|uncertain_text|group_conflict
152,М102-2012-2-0538,Блюдце,Блюдца (?) фарфорового с полихромной растительной росписью и золотой окантовкой края фр-т,Фарфор,D15 см,Фрагмент,Дерн,ИИМК РАН,2012.0,17,dataset/М102-2012-2-0538_orig.jpg,cu_data/dataset/М102-2012-2-0538_orig.jpg,True,М102-2012-2-0538,М102-2012-2,Блюдце,блюдце,Фарфор,фарфор,Фрагмент,фрагмент,Блюдце,блюдце,False,True,True,False,uncertain_label|group_conflict,abbr_in_description|uncertain_text|group_conflict
187,М102-2012-2-1068,Плитка,Плитки напольной из каменной массы (?) с белой поливой края фр-т,Каменная масса,"10,5+ х 6,5+ х 1 см",Фрагмент,Битый кирпич,ИИМК РАН,2012.0,20,dataset/М102-2012-2-1068_orig.jpg,cu_data/dataset/М102-2012-2-1068_orig.jpg,True,М102-2012-2-1068,М102-2012-2,Плитка,плитка,Каменная масса,каменная масса,Фрагмент,фрагмент,Плитка,плитка,False,True,True,False,uncertain_label|group_conflict,abbr_in_description|uncertain_text|group_conflict
194,М102-2012-2-1095,Изразец,Изразца(?) белоглиняного с белой поливой фр-т,Керамика,"5+ х 5,5 х 2,5+ см",Фрагмент,Битый кирпич,ИИМК РАН,2012.0,22,dataset/М102-2012-2-1095_orig.jpg,cu_data/dataset/М102-2012-2-1095_orig.jpg,True,М102-2012-2-1095,М102-2012-2,Изразец,изразец,Керамика,керамика,Фрагмент,фрагмент,Изразец,изразец,False,True,True,False,uncertain_label|group_conflict,abbr_in_description|uncertain_text|group_conflict
216,М102-2012-2-1166,Блюдце,Блюдца (?) фарфорового с белой поливой внутри и снаружи донца клейменого фр-т,Фарфор,D9 см,Фрагмент,,ИИМК РАН,2012.0,26,dataset/М102-2012-2-1166_orig.jpg,cu_data/dataset/М102-2012-2-1166_orig.jpg,True,М102-2012-2-1166,М102-2012-2,Блюдце,блюдце,Фарфор,фарфор,Фрагмент,фрагмент,Блюдце,блюдце,False,True,True,False,uncertain_label|group_conflict,abbr_in_description|uncertain_text|group_conflict
279,М102-2012-2-1359,Блюдце,Сосуда (блюдца?) фаянсового с прозрачной поливой внутри и снаружи края фр-т,Фаянс,D12 см,Фрагмент,Слой под цементным полом (мусор XIX века),ИИМК РАН,2012.0,38,dataset/М102-2012-2-1359_orig.jpg,cu_data/dataset/М102-2012-2-1359_orig.jpg,True,М102-2012-2-1359,М102-2012-2,Блюдце,блюдце,Фаянс,фаянс,Фрагмент,фрагмент,Блюдце,блюдце,False,True,True,False,uncertain_label|group_conflict,abbr_in_description|uncertain_text|group_conflict
309,М102-2012-2-1423,Миска (?),Сосуда (миски ?) красноглиняного со следами желто-зеленой поливы внутри венчика фр-т,Керамика,D24 см,Фрагмент,Светло-серая мешаная супесь,ИИМК РАН,2012.0,43,dataset/М102-2012-2-1423_orig.jpg,cu_data/dataset/М102-2012-2-1423_orig.jpg,True,М102-2012-2-1423,М102-2012-2,Миска (?),миска,Керамика,керамика,Фрагмент,фрагмент,Миска (?),миска,False,True,True,False,uncertain_label|group_conflict,abbr_in_description|uncertain_text|group_conflict
1127,Кроп-2013-Тр2-053,Тарелка,"Сосуда (тарелки ?) фаянсового с белой поливой внутри и снаружи донца с фрагментом клейма подглазурного зеленого круглого с изображением чашки в центре и надписью по кругу "".. СФСР М.И. КАЛИНИНА…""  фр-т",Фаянс,Д=12 см,Фрагмент,,,2013.0,121,dataset/Кроп-2013-Тр2-053_orig.jpg,cu_data/dataset/Кроп-2013-Тр2-053_orig.jpg,True,Кроп-2013-Тр2-053,Кроп-2013-Тр2,Тарелка,тарелка,Фаянс,фаянс,Фрагмент,фрагмент,Тарелка,тарелка,False,True,True,False,uncertain_label|group_conflict,abbr_in_description|uncertain_text|group_conflict
2433,КБ-2014-Р1-0782,Блюдце,Блюдце фарфоровое с золотыми полосками по краю растительно-геометрическим рисунком внутри и клеймом снаружи в виде герба РСФСР и набора букв (?),Фарфор,D 15 см,Целый,Мешанная коричневая супесь с включениями (слоистые подсыпки)/ гориз.1,ИИМК РАН,2014.0,283,dataset/КБ-2014-Р1-0782_orig.jpg,cu_data/dataset/КБ-2014-Р1-0782_orig.jpg,True,КБ-2014-Р1-0782,КБ-2014-Р1,Блюдце,блюдце,Фарфор,фарфор,Целый,целый,Блюдце,блюдце,False,True,True,False,uncertain_label|group_conflict,uncertain_text|group_conflict
2592,КБ-2014-Р2-0056,Блюдце,Блюдце фаянсовое с голубоватой (?) поливой и растительным и геометрическим синим орнаментом профиль,Фаянс,"Двен=16; Ддон=7,8; выс=2,5 см",Фрагмент,Слой 3/ гориз.2,ИИМК РАН,2014.0,298,dataset/КБ-2014-Р2-0056_orig.jpg,cu_data/dataset/КБ-2014-Р2-0056_orig.jpg,True,КБ-2014-Р2-0056,КБ-2014-Р2,Блюдце,блюдце,Фаянс,фаянс,Фрагмент,фрагмент,Блюдце,блюдце,False,True,True,False,uncertain_label|group_conflict,uncertain_text|group_conflict
2874,КБ-2014-Р2-0485,Миска,Миски (?) с ручкой белоглиняного с нагаром и частичной зеленой поливой снаружи и внутри профиль,Керамика,"Двен=22; Ддон=13; выс=5,5 см",Фрагмент,Слой 5/ гориз.3,ИИМК РАН,2014.0,332,dataset/КБ-2014-Р2-0485_orig.jpg,cu_data/dataset/КБ-2014-Р2-0485_orig.jpg,True,КБ-2014-Р2-0485,КБ-2014-Р2,Миска,миска,Керамика,керамика,Фрагмент,фрагмент,Миска,миска,False,True,True,False,uncertain_label|group_conflict,uncertain_text|group_conflict
3006,КБ-2014-Р2-0643,Крышка,Сосуда парфюмерного (?) прямоугольного прозрачного стекла крышка с рельефной надписью сверху фр-ая,Стекло,"7 х 4,6 х 1,5 см",Фрагмент,,ИИМК РАН,2014.0,352,dataset/КБ-2014-Р2-0643_orig.jpg,cu_data/dataset/КБ-2014-Р2-0643_orig.jpg,True,КБ-2014-Р2-0643,КБ-2014-Р2,Крышка,крышка,Стекло,стекло,Фрагмент,фрагмент,Крышка,крышка,False,True,True,False,uncertain_label|group_conflict,uncertain_text|group_conflict
3024,КБ-2014-Р2-0668,Блюдце,Сосуда (блюдца ?) фарфорового с золотым линейным орнаментом внутри донца с клеймом фр-т,Фарфор,,Фрагмент,Слой 4,ИИМК РАН,2014.0,356,dataset/КБ-2014-Р2-0668_orig.jpg,cu_data/dataset/КБ-2014-Р2-0668_orig.jpg,True,КБ-2014-Р2-0668,КБ-2014-Р2,Блюдце,блюдце,Фарфор,фарфор,Фрагмент,фрагмент,Блюдце,блюдце,False,True,True,False,uncertain_label|group_conflict,abbr_in_description|uncertain_text|group_conflict
3056,КБ-2014-Р2-0701,Изразец,Изразца (?) красноглиняного в виде колонны на постаменте фр-т,Керамика,"7,5+ х 6+ х 5+ см",Фрагмент,Слой 3/ гориз.2,ИИМК РАН,2014.0,357,dataset/КБ-2014-Р2-0701_orig.jpg,cu_data/dataset/КБ-2014-Р2-0701_orig.jpg,True,КБ-2014-Р2-0701,КБ-2014-Р2,Изразец,изразец,Керамика,керамика,Фрагмент,фрагмент,Изразец,изразец,False,True,True,False,uncertain_label|group_conflict,abbr_in_description|uncertain_text|group_conflict
3107,КБ-2014-Р2-0755,Изразец,Изразец (?) полуколонна красноглиняный с рельефным орнаментом фр-ый,Керамика,24+ х 8+ х 2 см,Фрагмент,Слой 2/ гориз.2,ИИМК РАН,2014.0,361,dataset/КБ-2014-Р2-0755_orig.jpg,cu_data/dataset/КБ-2014-Р2-0755_orig.jpg,True,КБ-2014-Р2-0755,КБ-2014-Р2,Изразец,изразец,Керамика,керамика,Фрагмент,фрагмент,Изразец,изразец,False,True,True,False,uncertain_label|group_conflict,uncertain_text|group_conflict
14446,Т-12-Р2-3013,Крышка,Предмета деревянного (крышка от бочки?) фр-т,Дерево,D 39 см,Фрагмент,Слой 3 (строительный мусор XIX в.)/ гориз.2,,,1162,dataset/Т-12-Р2-3013_orig.jpg,cu_data/dataset/Т-12-Р2-3013_orig.jpg,True,Т-12-Р2-3013,Т-12-Р2,Крышка,крышка,Дерево,дерево,Фрагмент,фрагмент,Крышка,крышка,False,True,True,False,uncertain_label|group_conflict,abbr_in_description|uncertain_text|group_conflict
14447,Т-12-Р2-3015,Крышка,Предмета деревянного со сквозным отверстием (крышка от бочки?) фр-т,Дерево,54х17 см,Фрагмент,Слой 3 (строительный мусор XIX в.)/ гориз.2,,,1163,dataset/Т-12-Р2-3015_orig.jpg,cu_data/dataset/Т-12-Р2-3015_orig.jpg,True,Т-12-Р2-3015,Т-12-Р2,Крышка,крышка,Дерево,дерево,Фрагмент,фрагмент,Крышка,крышка,False,True,True,False,uncertain_label|group_conflict,abbr_in_description|uncertain_text|group_conflict
14448,Т-12-Р2-3017,Крышка,Предмета деревянного (крышка от бочки?) фр-т,Дерево,38х14 см,Фрагмент,Слой 3 (строительный мусор XIX в.)/ гориз.2,,,1164,dataset/Т-12-Р2-3017_orig.jpg,cu_data/dataset/Т-12-Р2-3017_orig.jpg,True,Т-12-Р2-3017,Т-12-Р2,Крышка,крышка,Дерево,дерево,Фрагмент,фрагмент,Крышка,крышка,False,True,True,False,uncertain_label|group_conflict,abbr_in_description|uncertain_text|group_conflict
14449,Т-12-Р2-3018,Крышка,Предмета деревянного со сквозным отверстием (крышка от бочки?) фр-т,Дерево,58х21 см,Фрагмент,Слой 3 (строительный мусор XIX в.)/ гориз.2,,,1165,dataset/Т-12-Р2-3018_orig.jpg,cu_data/dataset/Т-12-Р2-3018_orig.jpg,True,Т-12-Р2-3018,Т-12-Р2,Крышка,крышка,Дерево,дерево,Фрагмент,фрагмент,Крышка,крышка,False,True,True,False,uncertain_label|group_conflict,abbr_in_description|uncertain_text|group_conflict
14450,Т-12-Р2-3023,Крышка,Предмета деревянного (крышка от бочки?) фр-т,Дерево,43х18 см,Фрагмент,Слой 3 (строительный мусор XIX в.)/ гориз.2,,,1166,dataset/Т-12-Р2-3023_orig.jpg,cu_data/dataset/Т-12-Р2-3023_orig.jpg,True,Т-12-Р2-3023,Т-12-Р2,Крышка,крышка,Дерево,дерево,Фрагмент,фрагмент,Крышка,крышка,False,True,True,False,uncertain_label|group_conflict,abbr_in_description|uncertain_text|group_conflict
15607,ВО-1л58-2017-0020,Изразец,Изразца (?) белоглиняного с белой поливой внутри и снаружи рельефного с голубой росписью фр-т,Керамика,10+ х 5+ х 1 см,Фрагмент,Техноген - мусор под асфальтом,ИИМК РАН,2017.0,1237,dataset/ВО-1л58-2017-0020_orig.jpg,cu_data/dataset/ВО-1л58-2017-0020_orig.jpg,True,ВО-1л58-2017-0020,ВО-1л58-2017,Изразец,изразец,Керамика,керамика,Фрагмент,фрагмент,Изразец,изразец,False,True,True,False,uncertain_label|group_conflict,abbr_in_description|uncertain_text|group_conflict
15608,ВО-1л58-2017-0022,Плитка,Плитки (напольной ?) (метлахской ?) серо-бежевой фр-т,Керамика,"14+ х 12,5+ х 1,5 см",Фрагмент,Техноген - мусор под асфальтом,ИИМК РАН,2017.0,1238,dataset/ВО-1л58-2017-0022_orig.jpg,cu_data/dataset/ВО-1л58-2017-0022_orig.jpg,True,ВО-1л58-2017-0022,ВО-1л58-2017,Плитка,плитка,Керамика,керамика,Фрагмент,фрагмент,Плитка,плитка,False,True,True,False,uncertain_label|group_conflict,abbr_in_description|uncertain_text|group_conflict
15639,ВО-1л58-2017-0058,Крышка,"Сосуда фаянсового с бежевой поливой снаружи и внутри ручка от крышки (либо часть рельефного декора ?) круглая, орнаментированная рельефными лепестками",Фаянс,Д=5 см,Фрагмент,Техноген - мусор под асфальтом,ИИМК РАН,2017.0,1245,dataset/ВО-1л58-2017-0058_orig.jpg,cu_data/dataset/ВО-1л58-2017-0058_orig.jpg,True,ВО-1л58-2017-0058,ВО-1л58-2017,Крышка,крышка,Фаянс,фаянс,Фрагмент,фрагмент,Крышка,крышка,False,True,True,False,uncertain_label|group_conflict,uncertain_text|group_conflict
15658,ВО-1л58-2017-0077,Крышка,Чайника/сахарницы (?) фарфорового с белой поливой внутри и снаружи  с золотой полосой крышки фр-т,Фарфор,"Д=6,5 см",Фрагмент,Техноген - мусор под асфальтом,ИИМК РАН,2017.0,1251,dataset/ВО-1л58-2017-0077_orig.jpg,cu_data/dataset/ВО-1л58-2017-0077_orig.jpg,True,ВО-1л58-2017-0077,ВО-1л58-2017,Крышка,крышка,Фарфор,фарфор,Фрагмент,фрагмент,Крышка,крышка,False,True,True,False,uncertain_label|group_conflict,abbr_in_description|uncertain_text|group_conflict
15691,ВО-1л58-2017-0124,Миска (?),Сосуда (миски ?) красноглиняной  с прозрачной бесцветной поливой внутри венчика фр-т,Керамика,Д=18 см,Фрагмент,Техноген - мусор под асфальтом,ИИМК РАН,2017.0,1262,dataset/ВО-1л58-2017-0124_orig.jpg,cu_data/dataset/ВО-1л58-2017-0124_orig.jpg,True,ВО-1л58-2017-0124,ВО-1л58-2017,Миска (?),миска,Керамика,керамика,Фрагмент,фрагмент,Миска (?),миска,False,True,True,False,uncertain_label|group_conflict,abbr_in_description|uncertain_text|group_conflict
15922,ВО-1л58-2017-0441,Миска (?),Сосуда (миски ?) красноглиняного венчика фр-т,Керамика,Д=24 см,Фрагмент,Бурая супесь с раствором и кирп. крошкой (между стенкой и лотком),ИИМК РАН,2017.0,1285,dataset/ВО-1л58-2017-0441_orig.jpg,cu_data/dataset/ВО-1л58-2017-0441_orig.jpg,True,ВО-1л58-2017-0441,ВО-1л58-2017,Миска (?),миска,Керамика,керамика,Фрагмент,фрагмент,Миска (?),миска,False,True,True,False,uncertain_label|group_conflict,abbr_in_description|uncertain_text|group_conflict
15935,ВО-1л58-2017-0480,Крышка,"Чайника фарфорового с белой поливой внутри и снаружи с золоченой полосой крышка с отбитой (вероятно фигурной) ручкой и отверстием, смещенным к краю",Фарфор,"Д=8,5 см",Фрагмент,"Заполнение колодца, крупный песок",ИИМК РАН,2017.0,1289,dataset/ВО-1л58-2017-0480_orig.jpg,cu_data/dataset/ВО-1л58-2017-0480_orig.jpg,True,ВО-1л58-2017-0480,ВО-1л58-2017,Крышка,крышка,Фарфор,фарфор,Фрагмент,фрагмент,Крышка,крышка,False,True,True,False,uncertain_label|group_conflict,abbr_in_description|uncertain_text|group_conflict
16028,ВО-1л58-2017-0631,Изразец,"Изразца (ножки ?) красноглиняного с белой поливой фр-т, румпа утрачена",Керамика,,Фрагмент,Заполнение траншеи участка,ИИМК РАН,2017.0,1317,dataset/ВО-1л58-2017-0631_orig.jpg,cu_data/dataset/ВО-1л58-2017-0631_orig.jpg,True,ВО-1л58-2017-0631,ВО-1л58-2017,Изразец,изразец,Керамика,керамика,Фрагмент,фрагмент,Изразец,изразец,False,True,True,False,uncertain_label|group_conflict,abbr_in_description|uncertain_text|group_conflict
16029,ВО-1л58-2017-0632,Изразец,"Изразца (поясного ?) красноглиняного с белой поливой фр-т, румпа отбита",Керамика,"20,5+ х 9+ х 1 см",Фрагмент,Заполнение траншеи участка,ИИМК РАН,2017.0,1318,dataset/ВО-1л58-2017-0632_orig.jpg,cu_data/dataset/ВО-1л58-2017-0632_orig.jpg,True,ВО-1л58-2017-0632,ВО-1л58-2017,Изразец,изразец,Керамика,керамика,Фрагмент,фрагмент,Изразец,изразец,False,True,True,False,uncertain_label|group_conflict,abbr_in_description|uncertain_text|group_conflict
16092,ВО-1л58-2017-0717,Изразец,"Изразца (поясного ?) красноглиняного с белой поливой бирюзовой и лиловой росписью фр-т, румпа утрачена",Керамика,"12,5+ х 10+ х 1,5 см",Фрагмент,Бурая супесь с раствором и кирпичами на дер-ом настиле и выше,ИИМК РАН,2017.0,1330,dataset/ВО-1л58-2017-0717_orig.jpg,cu_data/dataset/ВО-1л58-2017-0717_orig.jpg,True,ВО-1л58-2017-0717,ВО-1л58-2017,Изразец,изразец,Керамика,керамика,Фрагмент,фрагмент,Изразец,изразец,False,True,True,False,uncertain_label|group_conflict,abbr_in_description|uncertain_text|group_conflict
16114,ВО-1л58-2017-0753,Миска (?),Сосуда (миски ?) фаянсовой  с бежевой поливой внутри и снаружи венчика фр-т,Фаянс,Д=15 см,Фрагмент,"Супесь, песок со строит. мусором (зачистка по дерев. полу)",ИИМК РАН,2017.0,1342,dataset/ВО-1л58-2017-0753_orig.jpg,cu_data/dataset/ВО-1л58-2017-0753_orig.jpg,True,ВО-1л58-2017-0753,ВО-1л58-2017,Миска (?),миска,Фаянс,фаянс,Фрагмент,фрагмент,Миска (?),миска,False,True,True,False,uncertain_label|group_conflict,abbr_in_description|uncertain_text|group_conflict
16119,ВО-1л58-2017-0767,Изразец,"Изразец-перемычка белоглиняный со следами белой поливы и синей (?) росписи, с отверстием в румпе",Керамика,"14,5 х 3 х 1,5; выс.рум=3,5 см",Целый,"Заполнение большого помещ. ""кирпичн. дома"" - песок супесь со строит мусором",ИИМК РАН,2017.0,1344,dataset/ВО-1л58-2017-0767_orig.jpg,cu_data/dataset/ВО-1л58-2017-0767_orig.jpg,True,ВО-1л58-2017-0767,ВО-1л58-2017,Изразец,изразец,Керамика,керамика,Целый,целый,Изразец,изразец,False,True,True,False,uncertain_label|group_conflict,uncertain_text|group_conflict
16120,ВО-1л58-2017-0768,Изразец,"Изразец-перемычка белоглиняный со следами белой поливы и синей (?) росписи, с отверстием в румпе, фрагментированный",Керамика,"14,2 х 3 х 1,5; выс.рум=3,5 см",Фрагмент,"Заполнение большого помещ. ""кирпичн. дома"" - песок супесь со строит мусором",ИИМК РАН,2017.0,1345,dataset/ВО-1л58-2017-0768_orig.jpg,cu_data/dataset/ВО-1л58-2017-0768_orig.jpg,True,ВО-1л58-2017-0768,ВО-1л58-2017,Изразец,изразец,Керамика,керамика,Фрагмент,фрагмент,Изразец,изразец,False,True,True,False,uncertain_label|group_conflict,uncertain_text|group_conflict
16181,ВО-1л58-2017-0868,Изразец,"Изразца красноглиняного (полочки ?) с белой поливой фр-т,",Керамика,16+ х 11+ х 1 см,Фрагмент,Разборка наброски досок и расчистка по плотной щепе под ними,ИИМК РАН,2017.0,1353,dataset/ВО-1л58-2017-0868_orig.jpg,cu_data/dataset/ВО-1л58-2017-0868_orig.jpg,True,ВО-1л58-2017-0868,ВО-1л58-2017,Изразец,изразец,Керамика,керамика,Фрагмент,фрагмент,Изразец,изразец,False,True,True,False,uncertain_label|group_conflict,abbr_in_description|uncertain_text|group_conflict
16243,ВО-1л58-2017-1005,Изразец,"Изразца (карнизного пояса-каблучка углового?) красноглиняного с белой поливой фр-т, румпа отбита",Керамика,12+ х 13+ х 1 см,Фрагмент,Бурая супесь с битым кирпич. и изразцами под деревом,ИИМК РАН,2017.0,1368,dataset/ВО-1л58-2017-1005_orig.jpg,cu_data/dataset/ВО-1л58-2017-1005_orig.jpg,True,ВО-1л58-2017-1005,ВО-1л58-2017,Изразец,изразец,Керамика,керамика,Фрагмент,фрагмент,Изразец,изразец,False,True,True,False,uncertain_label|group_conflict,abbr_in_description|uncertain_text|group_conflict
16244,ВО-1л58-2017-1006,Изразец,"Изразца (карнизного пояса-каблучка углового?) красноглиняного с белой поливой фр-т, румпа отбита",Керамика,"20+ х 11,5+ х 1 см",Фрагмент,Бурая супесь с битым кирпич. и изразцами под деревом,ИИМК РАН,2017.0,1369,dataset/ВО-1л58-2017-1006_orig.jpg,cu_data/dataset/ВО-1л58-2017-1006_orig.jpg,True,ВО-1л58-2017-1006,ВО-1л58-2017,Изразец,изразец,Керамика,керамика,Фрагмент,фрагмент,Изразец,изразец,False,True,True,False,uncertain_label|group_conflict,abbr_in_description|uncertain_text|group_conflict
16245,ВО-1л58-2017-1007,Изразец,Изразца красноглиняного (вертикального пояса ?) со скошенными краями с белой поливой фр-т,Керамика,22+ х 13+ х 1 см,Фрагмент,Бурая супесь с битым кирпич. и изразцами под деревом,ИИМК РАН,2017.0,1370,dataset/ВО-1л58-2017-1007_orig.jpg,cu_data/dataset/ВО-1л58-2017-1007_orig.jpg,True,ВО-1л58-2017-1007,ВО-1л58-2017,Изразец,изразец,Керамика,керамика,Фрагмент,фрагмент,Изразец,изразец,False,True,True,False,uncertain_label|group_conflict,abbr_in_description|uncertain_text|group_conflict
16246,ВО-1л58-2017-1008,Изразец,"Изразца (карнизного вертикального пояса-каблучка углового?) красноглиняного с белой поливой фр-т, румпа утрачена",Керамика,16+ х 10+ х 1 см,Фрагмент,Бурая супесь с битым кирпич. и изразцами под деревом,ИИМК РАН,2017.0,1371,dataset/ВО-1л58-2017-1008_orig.jpg,cu_data/dataset/ВО-1л58-2017-1008_orig.jpg,True,ВО-1л58-2017-1008,ВО-1л58-2017,Изразец,изразец,Керамика,керамика,Фрагмент,фрагмент,Изразец,изразец,False,True,True,False,uncertain_label|group_conflict,abbr_in_description|uncertain_text|group_conflict
16264,ВО-1л58-2017-1030,Изразец,"Изразца красноглиняного с зеленой люстровой поливой (муравленого ?) фр-т, румпа утрачена",Керамика,7+ х 8+х 2 см,Фрагмент,Бурая супесь с битым кирпич. и изразцами под деревом,ИИМК РАН,2017.0,1374,dataset/ВО-1л58-2017-1030_orig.jpg,cu_data/dataset/ВО-1л58-2017-1030_orig.jpg,True,ВО-1л58-2017-1030,ВО-1л58-2017,Изразец,изразец,Керамика,керамика,Фрагмент,фрагмент,Изразец,изразец,False,True,True,False,uncertain_label|group_conflict,abbr_in_description|uncertain_text|group_conflict
16266,ВО-1л58-2017-1036,Изразец,Изразец красноглиняный плоский с бортиками по двум краям (поясовый ?) с белой поливой,Керамика,"22,5 х 11,2 х 1,5; выс.рум=5 см",Целый,Бурая супесь с битым кирпич. и изразцами под деревом,ИИМК РАН,2017.0,1376,dataset/ВО-1л58-2017-1036_orig.jpg,cu_data/dataset/ВО-1л58-2017-1036_orig.jpg,True,ВО-1л58-2017-1036,ВО-1л58-2017,Изразец,изразец,Керамика,керамика,Целый,целый,Изразец,изразец,False,True,True,False,uncertain_label|group_conflict,uncertain_text|group_conflict
16268,ВО-1л58-2017-1038,Изразец,"Изразца (карнизного вертикального пояса-каблучка углового?) красноглиняного с белой поливой фр-т, румпа утрачена",Керамика,"22 х 11,5+ х 1 см",Фрагмент,Бурая супесь с битым кирпич. и изразцами под деревом,ИИМК РАН,2017.0,1377,dataset/ВО-1л58-2017-1038_orig.jpg,cu_data/dataset/ВО-1л58-2017-1038_orig.jpg,True,ВО-1л58-2017-1038,ВО-1л58-2017,Изразец,изразец,Керамика,керамика,Фрагмент,фрагмент,Изразец,изразец,False,True,True,False,uncertain_label|group_conflict,abbr_in_description|uncertain_text|group_conflict
16269,ВО-1л58-2017-1042,Изразец,"Изразец-городок белоглиняный зубчатый (корона ?) с белой поливой, фрагментированный",Керамика,"19 х 6,5+ х 2 см",Фрагмент,Засыпка битым кирпич. и изразцами,ИИМК РАН,2017.0,1378,dataset/ВО-1л58-2017-1042_orig.jpg,cu_data/dataset/ВО-1л58-2017-1042_orig.jpg,True,ВО-1л58-2017-1042,ВО-1л58-2017,Изразец,изразец,Керамика,керамика,Фрагмент,фрагмент,Изразец,изразец,False,True,True,False,uncertain_label|group_conflict,uncertain_text|group_conflict
16348,ВО-1л58-2017-1157,Миска,Миски красноглиняной с зеленой поливой внутри и следами нагара (?) снаружи венчика фр-т,Керамика,Д=24 см,Фрагмент,Заполнение канавы,ИИМК РАН,2017.0,1385,dataset/ВО-1л58-2017-1157_orig.jpg,cu_data/dataset/ВО-1л58-2017-1157_orig.jpg,True,ВО-1л58-2017-1157,ВО-1л58-2017,Миска,миска,Керамика,керамика,Фрагмент,фрагмент,Миска,миска,False,True,True,False,uncertain_label|group_conflict,abbr_in_description|uncertain_text|group_conflict
16409,ВО-1л58-2017-1238,Крышка,Крышки (?) красноглиняной с нагаром снаружи и внутри края фр-т,Керамика,Д=20 см,Фрагмент,Заполнение канавы,ИИМК РАН,2017.0,1386,dataset/ВО-1л58-2017-1238_orig.jpg,cu_data/dataset/ВО-1л58-2017-1238_orig.jpg,True,ВО-1л58-2017-1238,ВО-1л58-2017,Крышка,крышка,Керамика,керамика,Фрагмент,фрагмент,Крышка,крышка,False,True,True,False,uncertain_label|group_conflict,abbr_in_description|uncertain_text|group_conflict
913,Кроп-2013-155,Блюдце,Сосуда (блюдца ?) фарфорового с растительным полихромным орнаментом внутри венчика фр-т,Фарфор,Д=15 см,Фрагмент,,,2013.0,80,dataset/Кроп-2013-155_orig.jpg,cu_data/dataset/Кроп-2013-155_orig.jpg,True,Кроп-2013-155,Кроп-2013-155,Блюдце,блюдце,Фарфор,фарфор,Фрагмент,фрагмент,Блюдце,блюдце,False,True,False,False,uncertain_label,abbr_in_description|uncertain_text
1016,Кроп-2013-414,Тарелка,Сосуда (тарелки ?) фаянсового с темно-синей поливой внутри и снаружи донца фр-т,Фаянс,Ддон=12 см,Фрагмент,,,2013.0,107,dataset/Кроп-2013-414_orig.jpg,cu_data/dataset/Кроп-2013-414_orig.jpg,True,Кроп-2013-414,Кроп-2013-414,Тарелка,тарелка,Фаянс,фаянс,Фрагмент,фрагмент,Тарелка,тарелка,False,True,False,False,uncertain_label,abbr_in_description|uncertain_text
1020,Кроп-2013-421,Тарелка,Сосуда (тарелки ?) фаянсовой с белой поливой внутри и снаружи донца клейменого фр-т,Фаянс,Д=не определим,Фрагмент,,,2013.0,109,dataset/Кроп-2013-421_orig.jpg,cu_data/dataset/Кроп-2013-421_orig.jpg,True,Кроп-2013-421,Кроп-2013-421,Тарелка,тарелка,Фаянс,фаянс,Фрагмент,фрагмент,Тарелка,тарелка,False,True,False,False,uncertain_label,abbr_in_description|uncertain_text
1236,БП12-Г01-0732,Миска,Миски (?) красноглиняной орнаментированной с клеймом профиль,Красноглиняная керамика,"Д11-9,5; высота 2,7 см",Фрагмент,Горизонт 1/ темная гумусированная супесь с включением щепы и кирпичной крошки,,,151,dataset/БП12-Г01-0732_orig.jpg,cu_data/dataset/БП12-Г01-0732_orig.jpg,True,БП12-Г01-0732,БП12-Г01-0732,Миска,миска,Красноглиняная керамика,керамика,Фрагмент,фрагмент,Миска,миска,False,True,False,False,uncertain_label,uncertain_text|material_synonym_variant
5034,Маяк-11-Ш3-68,Тарелка,Тарелки фарфоровой с подглазурным (?) печатным полихромным растительным орнаментом и клеймом профиль,Фарфор,18 см,Фрагмент,,,2011.0,508,dataset/Маяк-11-Ш3-68_orig.jpg,cu_data/dataset/Маяк-11-Ш3-68_orig.jpg,True,Маяк-11-Ш3-68,Маяк-11-Ш3,Тарелка,тарелка,Фарфор,фарфор,Фрагмент,фрагмент,Тарелка,тарелка,False,True,False,False,uncertain_label,uncertain_text
5038,Маяк-11-Ш3-72,Тарелка,Сосуда фаянсового с подглазурным (?) печатным кобальтовым растительным орнаментом снаружи венчика фр-т,Фаянс,18 см,Фрагмент,,,2011.0,509,dataset/Маяк-11-Ш3-72_orig.jpg,cu_data/dataset/Маяк-11-Ш3-72_orig.jpg,True,Маяк-11-Ш3-72,Маяк-11-Ш3,Тарелка,тарелка,Фаянс,фаянс,Фрагмент,фрагмент,Тарелка,тарелка,False,True,False,False,uncertain_label,abbr_in_description|uncertain_text
6213,Нц-24-026,Тарелка,Тарелки (?) стеклянной края фр-т,Стекло,D16 см,Фрагмент,Желтая мешаная супесь/ гориз.2,,,532,dataset/Нц-24-026_orig.jpg,cu_data/dataset/Нц-24-026_orig.jpg,True,Нц-24-026,Нц-24-026,Тарелка,тарелка,Стекло,стекло,Фрагмент,фрагмент,Тарелка,тарелка,False,True,False,False,uncertain_label,abbr_in_description|uncertain_text
6256,Нц-24-190,Миска,Миски (?) белоглиняной с белой поливой снаружи и внутри с синей росписью венчика фр-т,Керамика,D15 см,Фрагмент,Желтая мешаная супесь/,,,535,dataset/Нц-24-190_orig.jpg,cu_data/dataset/Нц-24-190_orig.jpg,True,Нц-24-190,Нц-24-190,Миска,миска,Керамика,керамика,Фрагмент,фрагмент,Миска,миска,False,True,False,False,uncertain_label,abbr_in_description|uncertain_text
8413,Нц-35-151,Тарелка,Сосуда (тарелки?) фарфорового донной части фр-т,Фарфор,D9 см,Фрагмент,Строительный мусор/ гориз. 2,,,657,dataset/Нц-35-151_orig.jpg,cu_data/dataset/Нц-35-151_orig.jpg,True,Нц-35-151,Нц-35-151,Тарелка,тарелка,Фарфор,фарфор,Фрагмент,фрагмент,Тарелка,тарелка,False,True,False,False,uncertain_label,abbr_in_description|uncertain_text
10728,Нц-46-150,Крышка,Крышка сахарницы(?) фаянсовая с ручкой с белой поливой внутри и снаружи,Фаянс,"D7,5 см",Целый,Шлак,,,818,dataset/Нц-46-150_orig.jpg,cu_data/dataset/Нц-46-150_orig.jpg,True,Нц-46-150,Нц-46-150,Крышка,крышка,Фаянс,фаянс,Целый,целый,Крышка,крышка,False,True,False,False,uncertain_label,uncertain_text
12243,Нейш3А-2018-0954,Изразец,Изразца?печного с зеленой поливой снаружи фр-т,Керамика,"5х3х1,2 см",Фрагмент,Современный строительный мусор,,,966,dataset/Нейш3А-2018-0954_orig.jpg,cu_data/dataset/Нейш3А-2018-0954_orig.jpg,True,Нейш3А-2018-0954,Нейш3А-2018-0954,Изразец,изразец,Керамика,керамика,Фрагмент,фрагмент,Изразец,изразец,False,True,False,False,uncertain_label,abbr_in_description|uncertain_text
12349,Нейш3А-2018-1154,Тарелка,Тарелки?белоглиняной с желтой поливой снаружи и внутри венчика фр-т,Керамика,"3,3х2,8 см",Фрагмент,Современный строительный мусор,,,976,dataset/Нейш3А-2018-1154_orig.jpg,cu_data/dataset/Нейш3А-2018-1154_orig.jpg,True,Нейш3А-2018-1154,Нейш3А-2018-1154,Тарелка,тарелка,Керамика,керамика,Фрагмент,фрагмент,Тарелка,тарелка,False,True,False,False,uncertain_label,abbr_in_description|uncertain_text
12503,Нейш3А-2018-1473,Крышка,Ручки?фаянсовой в форме цветка навершия фр-т,Фаянс,"5х3,5х1,5 см",Фрагмент,Темно-коричневая супесь,,,993,dataset/Нейш3А-2018-1473_orig.jpg,cu_data/dataset/Нейш3А-2018-1473_orig.jpg,True,Нейш3А-2018-1473,Нейш3А-2018-1473,Крышка,крышка,Фаянс,фаянс,Фрагмент,фрагмент,Крышка,крышка,False,True,False,False,uncertain_label,abbr_in_description|uncertain_text
12504,Нейш3А-2018-1476,Тарелка,Тарелочки?прозрачного бесцветного стекла с волнообразным краем и рельефным цветочным орнаментом снаружи донца профиль,Стекло,"Д=7 h=1,2 см",Фрагмент,Темно-коричневая супесь,,,994,dataset/Нейш3А-2018-1476_orig.jpg,cu_data/dataset/Нейш3А-2018-1476_orig.jpg,True,Нейш3А-2018-1476,Нейш3А-2018-1476,Тарелка,тарелка,Стекло,стекло,Фрагмент,фрагмент,Тарелка,тарелка,False,True,False,False,uncertain_label,uncertain_text
12810,Нейш3А-2018-2087,Тарелка,Тарелки красноглиняной с белой обмазкой снаружи и зеленым поливным орнаментом на коричневом фоне внутри клейменой? донца фр-т,Керамика,д=12 см,Фрагмент,Темно-коричневая супесь,,,1015,dataset/Нейш3А-2018-2087_orig.jpg,cu_data/dataset/Нейш3А-2018-2087_orig.jpg,True,Нейш3А-2018-2087,Нейш3А-2018-2087,Тарелка,тарелка,Керамика,керамика,Фрагмент,фрагмент,Тарелка,тарелка,False,True,False,False,uncertain_label,abbr_in_description|uncertain_text
13381,Нейш3А-2018-3712,Изразец,Изразца?светлоглиняного с желтой поливой и рельефным орнаментом снаружи стенки фр-т,Керамика,"4,5+х6,5+х0,6 см",Фрагмент,Современный строительный мусор,,,1058,dataset/Нейш3А-2018-3712_orig.jpg,cu_data/dataset/Нейш3А-2018-3712_orig.jpg,True,Нейш3А-2018-3712,Нейш3А-2018-3712,Изразец,изразец,Керамика,керамика,Фрагмент,фрагмент,Изразец,изразец,False,True,False,False,uncertain_label,abbr_in_description|uncertain_text
13806,Нейш3А-2018-5893,Тарелка,Тарелочки?белоглиняной с рельефным изображением внутри венчика фр-т,Керамика,Д=6+ см,Фрагмент,Строительный мусор с включением битого кирпича,,,1115,dataset/Нейш3А-2018-5893_orig.jpg,cu_data/dataset/Нейш3А-2018-5893_orig.jpg,True,Нейш3А-2018-5893,Нейш3А-2018-5893,Тарелка,тарелка,Керамика,керамика,Фрагмент,фрагмент,Тарелка,тарелка,False,True,False,False,uncertain_label,abbr_in_description|uncertain_text
13822,Нейш3А-2018-5970,Крышка,Крышечка?фарфоровая плоская с зеленой поливой и золотистой отводкой края снаружи и фр-том прилепа ручки в центре,Фарфор,"Д=3,4 см",Фрагмент,Современный строительный мусор,,,1119,dataset/Нейш3А-2018-5970_orig.jpg,cu_data/dataset/Нейш3А-2018-5970_orig.jpg,True,Нейш3А-2018-5970,Нейш3А-2018-5970,Крышка,крышка,Фарфор,фарфор,Фрагмент,фрагмент,Крышка,крышка,False,True,False,False,uncertain_label,abbr_in_description|uncertain_text
41,М102-2012-1-0496,Изразец,Изразца красноглиняного плоского с белой поливой и голубой росписью фр-т,Керамика,"9,9+ х 6,4+ х 1,3+ см",Фрагмент,Пестрая мешаная супесь,ИИМК РАН,2012.0,1,dataset/М102-2012-1-0496_orig.jpg,cu_data/dataset/М102-2012-1-0496_orig.jpg,True,М102-2012-1-0496,М102-2012-1,Изразец,изразец,Керамика,керамика,Фрагмент,фрагмент,Изразец,изразец,False,False,True,False,group_conflict,abbr_in_description|group_conflict
49,М102-2012-1-0529,Изразец,Изразца-перемычки красноглиняного с белой поливой и кобальтовой растительной росписью фр-т,Керамика,"4,5+ х 4,3 х 4,2+ см",Фрагмент,Пестрая мешаная супесь,ИИМК РАН,2012.0,2,dataset/М102-2012-1-0529_orig.jpg,cu_data/dataset/М102-2012-1-0529_orig.jpg,True,М102-2012-1-0529,М102-2012-1,Изразец,изразец,Керамика,керамика,Фрагмент,фрагмент,Изразец,изразец,False,False,True,False,group_conflict,abbr_in_description|group_conflict
64,М102-2012-1-0611,Изразец,Изразца красноглиняного плоского с белой поливой и голубой росписью фр-т,Керамика,"9,8+ х 6,8+ х 2,2 см",Фрагмент,Дерн со щепой,ИИМК РАН,2012.0,5,dataset/М102-2012-1-0611_orig.jpg,cu_data/dataset/М102-2012-1-0611_orig.jpg,True,М102-2012-1-0611,М102-2012-1,Изразец,изразец,Керамика,керамика,Фрагмент,фрагмент,Изразец,изразец,False,False,True,False,group_conflict,abbr_in_description|group_conflict
83,М102-2012-1-0691,Миска,"Миски серолощеной с орнаментом ""волна"" снаружи венчика фр-т",Керамика,D28 см,Фрагмент,Темно-серая сильногумусированная супесь (низ пестрой),ИИМК РАН,2012.0,6,dataset/М102-2012-1-0691_orig.jpg,cu_data/dataset/М102-2012-1-0691_orig.jpg,True,М102-2012-1-0691,М102-2012-1,Миска,миска,Керамика,керамика,Фрагмент,фрагмент,Миска,миска,False,False,True,False,group_conflict,abbr_in_description|group_conflict
107,М102-2012-1-0837,Тарелка,Тарелки фаянсовой с белой поливой внутри и снаружи края фигурного фр-т,Фаянс,D? см,Фрагмент,Дерн со щепой,ИИМК РАН,2012.0,10,dataset/М102-2012-1-0837_orig.jpg,cu_data/dataset/М102-2012-1-0837_orig.jpg,True,М102-2012-1-0837,М102-2012-1,Тарелка,тарелка,Фаянс,фаянс,Фрагмент,фрагмент,Тарелка,тарелка,False,False,True,False,group_conflict,abbr_in_description|group_conflict
111,М102-2012-1-0847,Тарелка,Тарелки фаянсовой с белой поливой внутри и снаружи края фигурного фр-т,Фаянс,D? см,Фрагмент,Дерн со щепой,ИИМК РАН,2012.0,12,dataset/М102-2012-1-0847_orig.jpg,cu_data/dataset/М102-2012-1-0847_orig.jpg,True,М102-2012-1-0847,М102-2012-1,Тарелка,тарелка,Фаянс,фаянс,Фрагмент,фрагмент,Тарелка,тарелка,False,False,True,False,group_conflict,abbr_in_description|group_conflict
115,М102-2012-1-0851,Тарелка,Тарелки фаянсовой с белой поливой внутри и снаружи края фигурного фр-т,Фаянс,D ок20 см,Фрагмент,Дерн со щепой,ИИМК РАН,2012.0,13,dataset/М102-2012-1-0851_orig.jpg,cu_data/dataset/М102-2012-1-0851_orig.jpg,True,М102-2012-1-0851,М102-2012-1,Тарелка,тарелка,Фаянс,фаянс,Фрагмент,фрагмент,Тарелка,тарелка,False,False,True,False,group_conflict,abbr_in_description|group_conflict
129,М102-2012-1-0942,Миска,Миски красноглиняной с белым ангобом внутри и снаружи профиль,Керамика,"D26 (донце), D21 (венчик) см",Фрагмент,Дерн со щепой,ИИМК РАН,2012.0,14,dataset/М102-2012-1-0942_orig.jpg,cu_data/dataset/М102-2012-1-0942_orig.jpg,True,М102-2012-1-0942,М102-2012-1,Миска,миска,Керамика,керамика,Фрагмент,фрагмент,Миска,миска,False,False,True,False,group_conflict,group_conflict
133,М102-2012-1-0949,Изразец,Изразца красноглиняного плоского с белой поливой и голубой росписью фр-т,Керамика,"10+ х 9+ х 1,5; выс румпы=4,5 см",Фрагмент,Дерн со щепой,ИИМК РАН,2012.0,15,dataset/М102-2012-1-0949_orig.jpg,cu_data/dataset/М102-2012-1-0949_orig.jpg,True,М102-2012-1-0949,М102-2012-1,Изразец,изразец,Керамика,керамика,Фрагмент,фрагмент,Изразец,изразец,False,False,True,False,group_conflict,abbr_in_description|group_conflict
144,М102-2012-1-1008,Изразец,"Изразца красноглиняного с белой поливой, растительным орнаментом и монохромной растительной росписью фр-т",Керамика,"10,7+ х 6,4+ х 6+ см",Фрагмент,Дерн со щепой,ИИМК РАН,2012.0,16,dataset/М102-2012-1-1008_orig.jpg,cu_data/dataset/М102-2012-1-1008_orig.jpg,True,М102-2012-1-1008,М102-2012-1,Изразец,изразец,Керамика,керамика,Фрагмент,фрагмент,Изразец,изразец,False,False,True,False,group_conflict,abbr_in_description|group_conflict
156,М102-2012-2-0543,Блюдце,Блюдца фарфорового с белой поливой снаружи и внутри с зеленой растительной росписью в технике деколь профиля фр-т,Фарфор,"D8 (донце), D15 (край) см",Фрагмент,Дерн,ИИМК РАН,2012.0,18,dataset/М102-2012-2-0543_orig.jpg,cu_data/dataset/М102-2012-2-0543_orig.jpg,True,М102-2012-2-0543,М102-2012-2,Блюдце,блюдце,Фарфор,фарфор,Фрагмент,фрагмент,Блюдце,блюдце,False,False,True,False,group_conflict,abbr_in_description|group_conflict
162,М102-2012-2-1028,Тарелка,Тарелки фаянсовой с белой поливой снаружи и внутри с полихромной растительной росписью профиль,Фаянс,D24 см,Фрагмент,Битый кирпич,ИИМК РАН,2012.0,19,dataset/М102-2012-2-1028_orig.jpg,cu_data/dataset/М102-2012-2-1028_orig.jpg,True,М102-2012-2-1028,М102-2012-2,Тарелка,тарелка,Фаянс,фаянс,Фрагмент,фрагмент,Тарелка,тарелка,False,False,True,False,group_conflict,group_conflict
192,М102-2012-2-1086,Тарелка,Тарелки фаянсовой с белой поливой снаружи и внутри с полихромной растительной росписью донца фр-т,Фаянс,D13 см,Фрагмент,"Желтый песок, подсыпка под мостовой 1",ИИМК РАН,2012.0,21,dataset/М102-2012-2-1086_orig.jpg,cu_data/dataset/М102-2012-2-1086_orig.jpg,True,М102-2012-2-1086,М102-2012-2,Тарелка,тарелка,Фаянс,фаянс,Фрагмент,фрагмент,Тарелка,тарелка,False,False,True,False,group_conflict,abbr_in_description|group_conflict
204,М102-2012-2-1121,Блюдце,Блюдца фарфорового с белой поливой снаружи и внутри края фр-т,Фарфор,D15 см,Фрагмент,Слой под мостовой 2,ИИМК РАН,2012.0,23,dataset/М102-2012-2-1121_orig.jpg,cu_data/dataset/М102-2012-2-1121_orig.jpg,True,М102-2012-2-1121,М102-2012-2,Блюдце,блюдце,Фарфор,фарфор,Фрагмент,фрагмент,Блюдце,блюдце,False,False,True,False,group_conflict,abbr_in_description|group_conflict
206,М102-2012-2-1123,Блюдце,Блюдца фарфорового с белой поливой снаружи и зеленой внутри донца фр-т,Фарфор,D9 см,Фрагмент,Слой под мостовой 2,ИИМК РАН,2012.0,24,dataset/М102-2012-2-1123_orig.jpg,cu_data/dataset/М102-2012-2-1123_orig.jpg,True,М102-2012-2-1123,М102-2012-2,Блюдце,блюдце,Фарфор,фарфор,Фрагмент,фрагмент,Блюдце,блюдце,False,False,True,False,group_conflict,abbr_in_description|group_conflict
208,М102-2012-2-1125,Крышка,Сосуда фарфорового с белой поливой внутри и снаружи с золотой окантовкой снаружи крышки фр-т,Фарфор,D5 см,Фрагмент,Слой под мостовой 2,ИИМК РАН,2012.0,25,dataset/М102-2012-2-1125_orig.jpg,cu_data/dataset/М102-2012-2-1125_orig.jpg,True,М102-2012-2-1125,М102-2012-2,Крышка,крышка,Фарфор,фарфор,Фрагмент,фрагмент,Крышка,крышка,False,False,True,False,group_conflict,abbr_in_description|group_conflict
223,М102-2012-2-1181,Плитка,Плитки  желтоглиняной облицовочной с голубой поливой снаружи и клеймом на внутренней стороне фр-т,Керамика,"12+ х 7,3+ х 1,1 см",Фрагмент,,ИИМК РАН,2012.0,27,dataset/М102-2012-2-1181_orig.jpg,cu_data/dataset/М102-2012-2-1181_orig.jpg,True,М102-2012-2-1181,М102-2012-2,Плитка,плитка,Керамика,керамика,Фрагмент,фрагмент,Плитка,плитка,False,False,True,False,group_conflict,abbr_in_description|group_conflict
232,М102-2012-2-1248,Блюдце,Блюдца фарфорового с белой поливой внутри и снаружи донца клейменого фр-т,Фарфор,"4+ х 2,9+ х 0,4 см",Фрагмент,,ИИМК РАН,2012.0,28,dataset/М102-2012-2-1248_orig.jpg,cu_data/dataset/М102-2012-2-1248_orig.jpg,True,М102-2012-2-1248,М102-2012-2,Блюдце,блюдце,Фарфор,фарфор,Фрагмент,фрагмент,Блюдце,блюдце,False,False,True,False,group_conflict,abbr_in_description|group_conflict
236,М102-2012-2-1264,Тарелка,Тарелки фаянсовой с белой поливой снаружи и кобальтовой геометрической росписью внутри края фр-т,Фаянс,D26 см,Фрагмент,Слой под цементным полом (мусор XIX века),ИИМК РАН,2012.0,29,dataset/М102-2012-2-1264_orig.jpg,cu_data/dataset/М102-2012-2-1264_orig.jpg,True,М102-2012-2-1264,М102-2012-2,Тарелка,тарелка,Фаянс,фаянс,Фрагмент,фрагмент,Тарелка,тарелка,False,False,True,False,group_conflict,abbr_in_description|group_conflict
237,М102-2012-2-1265,Тарелка,Тарелки фаянсовой с белой поливой снаружи и кобальтовой растительно-геометрической росписью внутри края фр-т,Фаянс,D26 см,Фрагмент,Слой под цементным полом (мусор XIX века),ИИМК РАН,2012.0,30,dataset/М102-2012-2-1265_orig.jpg,cu_data/dataset/М102-2012-2-1265_orig.jpg,True,М102-2012-2-1265,М102-2012-2,Тарелка,тарелка,Фаянс,фаянс,Фрагмент,фрагмент,Тарелка,тарелка,False,False,True,False,group_conflict,abbr_in_description|group_conflict
238,М102-2012-2-1267,Тарелка,Тарелки фаянсовой с белой поливой снаружи и кобальтовой растительно-геометрической росписью внутри края фр-т,Фаянс,D26 см,Фрагмент,Слой под цементным полом (мусор XIX века),ИИМК РАН,2012.0,31,dataset/М102-2012-2-1267_orig.jpg,cu_data/dataset/М102-2012-2-1267_orig.jpg,True,М102-2012-2-1267,М102-2012-2,Тарелка,тарелка,Фаянс,фаянс,Фрагмент,фрагмент,Тарелка,тарелка,False,False,True,False,group_conflict,abbr_in_description|group_conflict
241,М102-2012-2-1271,Блюдце,Блюдца фарфорового с белой поливой снаружи и внутри с рельефной поверхностью придонной части фр-т,Фарфор,D8 см,Фрагмент,Слой под цементным полом (мусор XIX века),ИИМК РАН,2012.0,32,dataset/М102-2012-2-1271_orig.jpg,cu_data/dataset/М102-2012-2-1271_orig.jpg,True,М102-2012-2-1271,М102-2012-2,Блюдце,блюдце,Фарфор,фарфор,Фрагмент,фрагмент,Блюдце,блюдце,False,False,True,False,group_conflict,abbr_in_description|group_conflict
249,М102-2012-2-1279,Крышка,Сосуда прозрачного стекла крышки фр-т,Стекло,"7,5+ х 5,9+ х 0,2 см",Фрагмент,Слой под цементным полом (мусор XIX века),ИИМК РАН,2012.0,33,dataset/М102-2012-2-1279_orig.jpg,cu_data/dataset/М102-2012-2-1279_orig.jpg,True,М102-2012-2-1279,М102-2012-2,Крышка,крышка,Стекло,стекло,Фрагмент,фрагмент,Крышка,крышка,False,False,True,False,group_conflict,abbr_in_description|group_conflict
262,М102-2012-2-1313,Блюдце,Блюдца фарфорового с золотой окантовкой снаружи донца клейменого фр-т,Фарфор,D9 см,Фрагмент,,ИИМК РАН,2012.0,34,dataset/М102-2012-2-1313_orig.jpg,cu_data/dataset/М102-2012-2-1313_orig.jpg,True,М102-2012-2-1313,М102-2012-2,Блюдце,блюдце,Фарфор,фарфор,Фрагмент,фрагмент,Блюдце,блюдце,False,False,True,False,group_conflict,abbr_in_description|group_conflict
263,М102-2012-2-1314,Крышка,Сосуда фарфорового с белой поливой внутри и снаружи с золотой окантовкой крышки фр-т,Фарфор,D7 см,Фрагмент,,ИИМК РАН,2012.0,35,dataset/М102-2012-2-1314_orig.jpg,cu_data/dataset/М102-2012-2-1314_orig.jpg,True,М102-2012-2-1314,М102-2012-2,Крышка,крышка,Фарфор,фарфор,Фрагмент,фрагмент,Крышка,крышка,False,False,True,False,group_conflict,abbr_in_description|group_conflict
265,М102-2012-2-1319,Тарелка,Тарелки фаянсовой с белой поливой снаружи и внутри края фр-т,Фаянс,D25 см,Фрагмент,Слой под цементным полом (мусор XIX века),ИИМК РАН,2012.0,36,dataset/М102-2012-2-1319_orig.jpg,cu_data/dataset/М102-2012-2-1319_orig.jpg,True,М102-2012-2-1319,М102-2012-2,Тарелка,тарелка,Фаянс,фаянс,Фрагмент,фрагмент,Тарелка,тарелка,False,False,True,False,group_conflict,abbr_in_description|group_conflict
267,М102-2012-2-1327,Плитка,Плитки белоглиняной облицовочной с белой поливой снаружи края фр-т,Керамика,"7,8+ х 5,4+ х 1,1 см",Фрагмент,,ИИМК РАН,2012.0,37,dataset/М102-2012-2-1327_orig.jpg,cu_data/dataset/М102-2012-2-1327_orig.jpg,True,М102-2012-2-1327,М102-2012-2,Плитка,плитка,Керамика,керамика,Фрагмент,фрагмент,Плитка,плитка,False,False,True,False,group_conflict,abbr_in_description|group_conflict
280,М102-2012-2-1360,Тарелка,Тарелки фаянсовой с прозрачной поливой внутри и снаружи края волнистого фр-т,Фаянс,D? см,Фрагмент,Слой под цементным полом (мусор XIX века),ИИМК РАН,2012.0,39,dataset/М102-2012-2-1360_orig.jpg,cu_data/dataset/М102-2012-2-1360_orig.jpg,True,М102-2012-2-1360,М102-2012-2,Тарелка,тарелка,Фаянс,фаянс,Фрагмент,фрагмент,Тарелка,тарелка,False,False,True,False,group_conflict,abbr_in_description|group_conflict
281,М102-2012-2-1361,Блюдце,Блюдца фарфорового с белой поливой внутри и снаружи профиль,Фарфор,"D14,5 см",Фрагмент,Слой под цементным полом (мусор XIX века),ИИМК РАН,2012.0,40,dataset/М102-2012-2-1361_orig.jpg,cu_data/dataset/М102-2012-2-1361_orig.jpg,True,М102-2012-2-1361,М102-2012-2,Блюдце,блюдце,Фарфор,фарфор,Фрагмент,фрагмент,Блюдце,блюдце,False,False,True,False,group_conflict,group_conflict
293,М102-2012-2-1394,Крышка,Сосуда фаянсового с полихромной растительно-геометрической росписью и следами позолоты крышка,Фаянс,D9 см,Целый,,ИИМК РАН,2012.0,41,dataset/М102-2012-2-1394_orig.jpg,cu_data/dataset/М102-2012-2-1394_orig.jpg,True,М102-2012-2-1394,М102-2012-2,Крышка,крышка,Фаянс,фаянс,Целый,целый,Крышка,крышка,False,False,True,False,group_conflict,group_conflict
299,М102-2012-2-1406,Блюдце,Блюдца фаянсового профиля фр-т,Фаянс,D8 см,Фрагмент,Яма с битым кирпичом,ИИМК РАН,2012.0,42,dataset/М102-2012-2-1406_orig.jpg,cu_data/dataset/М102-2012-2-1406_orig.jpg,True,М102-2012-2-1406,М102-2012-2,Блюдце,блюдце,Фаянс,фаянс,Фрагмент,фрагмент,Блюдце,блюдце,False,False,True,False,group_conflict,abbr_in_description|group_conflict
387,БП11-Р01-Г01-1247,Тарелка,Тарелки фаянсовой край,Фаянс,Д23 см,Фрагмент,Горизонт 1/ темно-коричневый гумусированный суглинок,,,49,dataset/БП11-Р01-Г01-1247_orig.jpg,cu_data/dataset/БП11-Р01-Г01-1247_orig.jpg,True,БП11-Р01-Г01-1247,БП11-Р01-Г01,Тарелка,тарелка,Фаянс,фаянс,Фрагмент,фрагмент,Тарелка,тарелка,False,False,True,False,group_conflict,group_conflict
420,БП11-Р01-Г03-6493,Изразец,Изразец красноглиняный изогнутый с зеленой поливой фрагментированный,Керамика,"18,5х9+х4,5+ см",Фрагмент,Горизонт 3/ щепа + гумус,,,50,dataset/БП11-Р01-Г03-6493_orig.jpg,cu_data/dataset/БП11-Р01-Г03-6493_orig.jpg,True,БП11-Р01-Г03-6493,БП11-Р01-Г03,Изразец,изразец,Керамика,керамика,Фрагмент,фрагмент,Изразец,изразец,False,False,True,False,group_conflict,group_conflict
426,БП11-Р01-Г01-1290,Тарелка,Тарелки фаянсовой профиль,Фаянс,Д26 см,Фрагмент,Горизонт 1/ темно-коричневый гумусированный суглинок,,,51,dataset/БП11-Р01-Г01-1290_orig.jpg,cu_data/dataset/БП11-Р01-Г01-1290_orig.jpg,True,БП11-Р01-Г01-1290,БП11-Р01-Г01,Тарелка,тарелка,Фаянс,фаянс,Фрагмент,фрагмент,Тарелка,тарелка,False,False,True,False,group_conflict,group_conflict
433,БП11-Р01-Г01-1395,Тарелка,Тарелки фаянсовой с клеймом профиль,Фаянс,Д25-14 см,Фрагмент,Горизонт 1/ темно-коричневый гумусированный суглинок,,,52,dataset/БП11-Р01-Г01-1395_orig.jpg,cu_data/dataset/БП11-Р01-Г01-1395_orig.jpg,True,БП11-Р01-Г01-1395,БП11-Р01-Г01,Тарелка,тарелка,Фаянс,фаянс,Фрагмент,фрагмент,Тарелка,тарелка,False,False,True,False,group_conflict,group_conflict
435,БП11-Р01-тех-0069,Крышка,Сосуда фаянсового крышка,Фаянс,"Д7,5 см",Целый,Горизонт техноген/ внутри дома,,,53,dataset/БП11-Р01-тех-0069_orig.jpg,cu_data/dataset/БП11-Р01-тех-0069_orig.jpg,True,БП11-Р01-тех-0069,БП11-Р01-тех,Крышка,крышка,Фаянс,фаянс,Целый,целый,Крышка,крышка,False,False,True,False,group_conflict,group_conflict
439,БП11-Р01-тех-0468,Крышка,Крышки красноглиняной края фр-т,Керамика,Д30 см,Фрагмент,Горизонт техноген,,,54,dataset/БП11-Р01-тех-0468_orig.jpg,cu_data/dataset/БП11-Р01-тех-0468_orig.jpg,True,БП11-Р01-тех-0468,БП11-Р01-тех,Крышка,крышка,Керамика,керамика,Фрагмент,фрагмент,Крышка,крышка,False,False,True,False,group_conflict,abbr_in_description|group_conflict
456,БП11-Р01-Г01-1137,Крышка,Сосуда красноглиняного с коричневой поливой снаружи крышки фр-т,Керамика,Д20 см,Фрагмент,Горизонт 1/ темно-коричневый гумусированный суглинок,,,55,dataset/БП11-Р01-Г01-1137_orig.jpg,cu_data/dataset/БП11-Р01-Г01-1137_orig.jpg,True,БП11-Р01-Г01-1137,БП11-Р01-Г01,Крышка,крышка,Керамика,керамика,Фрагмент,фрагмент,Крышка,крышка,False,False,True,False,group_conflict,abbr_in_description|group_conflict
474,БП11-Р01-тех-0061,Изразец,Изразца светлоглиняного орнаментированного с белой поливой и полихромной росписью фр-т,Керамика,"11,5+х7,8+х 5 см",Фрагмент,Горизонт техноген/ внутри дома,,,56,dataset/БП11-Р01-тех-0061_orig.jpg,cu_data/dataset/БП11-Р01-тех-0061_orig.jpg,True,БП11-Р01-тех-0061,БП11-Р01-тех,Изразец,изразец,Керамика,керамика,Фрагмент,фрагмент,Изразец,изразец,False,False,True,False,group_conflict,abbr_in_description|group_conflict
475,БП11-Р01-Г01-1065,Тарелка,Тарелки фаянсовой донца фр-т,Фаянс,Д17 см,Фрагмент,Горизонт 1,,,57,dataset/БП11-Р01-Г01-1065_orig.jpg,cu_data/dataset/БП11-Р01-Г01-1065_orig.jpg,True,БП11-Р01-Г01-1065,БП11-Р01-Г01,Тарелка,тарелка,Фаянс,фаянс,Фрагмент,фрагмент,Тарелка,тарелка,False,False,True,False,group_conflict,abbr_in_description|group_conflict
499,БП11-Р01-Г01-1251,Тарелка,Тарелки фаянсовой с голубой поливой и полихромной росписью донца фр-т,Фаянс,Д8 см,Фрагмент,Горизонт 1/ темно-коричневый гумусированный суглинок,,,58,dataset/БП11-Р01-Г01-1251_orig.jpg,cu_data/dataset/БП11-Р01-Г01-1251_orig.jpg,True,БП11-Р01-Г01-1251,БП11-Р01-Г01,Тарелка,тарелка,Фаянс,фаянс,Фрагмент,фрагмент,Тарелка,тарелка,False,False,True,False,group_conflict,abbr_in_description|group_conflict
502,БП11-Р01-Г03-3339,Изразец,Изразца красноглиняного с белой поливой и кобальтовой росписью фр-т,Керамика,,Фрагмент,Горизонт 3/ темно-коричневый гумусированный суглинок,,,59,dataset/БП11-Р01-Г03-3339_orig.jpg,cu_data/dataset/БП11-Р01-Г03-3339_orig.jpg,True,БП11-Р01-Г03-3339,БП11-Р01-Г03,Изразец,изразец,Керамика,керамика,Фрагмент,фрагмент,Изразец,изразец,False,False,True,False,group_conflict,abbr_in_description|group_conflict
503,БП11-Р01-Г01-0944,Тарелка,Тарелки фаянсовой с кобальтовой росписью края фр-т,Фаянс,Д24 см,Фрагмент,Горизонт 1/ темно-коричневый гумусированный суглинок,,,60,dataset/БП11-Р01-Г01-0944_orig.jpg,cu_data/dataset/БП11-Р01-Г01-0944_orig.jpg,True,БП11-Р01-Г01-0944,БП11-Р01-Г01,Тарелка,тарелка,Фаянс,фаянс,Фрагмент,фрагмент,Тарелка,тарелка,False,False,True,False,group_conflict,abbr_in_description|group_conflict
576,БП11-Р01-Г03-3244,Тарелка,Тарелки красноглиняной со светло-желтой и коричневой поливой внутри и полихромной росписью поливой края фр-т,Керамика,Д28 см,Фрагмент,Горизонт 3/ темно-коричневый гумусированный суглинок с включениями кирпичной крошки,,,61,dataset/БП11-Р01-Г03-3244_orig.jpg,cu_data/dataset/БП11-Р01-Г03-3244_orig.jpg,True,БП11-Р01-Г03-3244,БП11-Р01-Г03,Тарелка,тарелка,Керамика,керамика,Фрагмент,фрагмент,Тарелка,тарелка,False,False,True,False,group_conflict,abbr_in_description|group_conflict
584,БП11-Р01-тех-0443,Изразец,Изразца красноглиняного орнаментированного с белой поливой и желтой росписью фр-т,Керамика,,Фрагмент,Горизонт техноген,,,62,dataset/БП11-Р01-тех-0443_orig.jpg,cu_data/dataset/БП11-Р01-тех-0443_orig.jpg,True,БП11-Р01-тех-0443,БП11-Р01-тех,Изразец,изразец,Керамика,керамика,Фрагмент,фрагмент,Изразец,изразец,False,False,True,False,group_conflict,abbr_in_description|group_conflict
621,БП11-Р01-Г01-1315,Тарелка,Тарелки фаянсовой профиль,Фаянс,Д24-15 см,Фрагмент,Горизонт 2/ голубая мешанная глина,,,63,dataset/БП11-Р01-Г01-1315_orig.jpg,cu_data/dataset/БП11-Р01-Г01-1315_orig.jpg,True,БП11-Р01-Г01-1315,БП11-Р01-Г01,Тарелка,тарелка,Фаянс,фаянс,Фрагмент,фрагмент,Тарелка,тарелка,False,False,True,False,group_conflict,group_conflict
632,БП11-Р01-Г01-1055,Изразец,Изразец (карниз) красноглиняный с белой поливой фрагментированный,Керамика,"17х11,5+х6 см",Целый,Горизонт 1,,,64,dataset/БП11-Р01-Г01-1055_orig.jpg,cu_data/dataset/БП11-Р01-Г01-1055_orig.jpg,True,БП11-Р01-Г01-1055,БП11-Р01-Г01,Изразец,изразец,Керамика,керамика,Целый,целый,Изразец,изразец,False,False,True,False,group_conflict,group_conflict
649,БП11-Р01-Г01-1397,Тарелка,Тарелки фаянсовой края фр-т,Фаянс,Д33 см,Фрагмент,Горизонт 1/ темно-коричневый гумусированный суглинок,,,65,dataset/БП11-Р01-Г01-1397_orig.jpg,cu_data/dataset/БП11-Р01-Г01-1397_orig.jpg,True,БП11-Р01-Г01-1397,БП11-Р01-Г01,Тарелка,тарелка,Фаянс,фаянс,Фрагмент,фрагмент,Тарелка,тарелка,False,False,True,False,group_conflict,abbr_in_description|group_conflict
664,БП11-Р01-тех-0381,Тарелка,Тарелки красноглиняной с коричневой поливой снаружи и зеленой поливой внутри с рельефным орнаментом края фр-т,Керамика,,Фрагмент,Горизонт техноген,,,66,dataset/БП11-Р01-тех-0381_orig.jpg,cu_data/dataset/БП11-Р01-тех-0381_orig.jpg,True,БП11-Р01-тех-0381,БП11-Р01-тех,Тарелка,тарелка,Керамика,керамика,Фрагмент,фрагмент,Тарелка,тарелка,False,False,True,False,group_conflict,abbr_in_description|group_conflict
709,БП11-Р01-тех-0421,Тарелка,Тарелки красноглиняной с росписью профиль,Керамика,Д25 см,Фрагмент,Горизонт техноген,,,67,dataset/БП11-Р01-тех-0421_orig.jpg,cu_data/dataset/БП11-Р01-тех-0421_orig.jpg,True,БП11-Р01-тех-0421,БП11-Р01-тех,Тарелка,тарелка,Керамика,керамика,Фрагмент,фрагмент,Тарелка,тарелка,False,False,True,False,group_conflict,group_conflict
739,БП11-Р01-Г01-1405,Тарелка,Тарелки фаянсовой с зеленой росписью края фр-т,Фаянс,Д16 см,Фрагмент,Горизонт 1/ темно-коричневый гумусированный суглинок,,,68,dataset/БП11-Р01-Г01-1405_orig.jpg,cu_data/dataset/БП11-Р01-Г01-1405_orig.jpg,True,БП11-Р01-Г01-1405,БП11-Р01-Г01,Тарелка,тарелка,Фаянс,фаянс,Фрагмент,фрагмент,Тарелка,тарелка,False,False,True,False,group_conflict,abbr_in_description|group_conflict
742,БП11-Р01-Г01-1192,Изразец,Изразца углового красноглиняного с белой поливой фр-т,Керамика,,Фрагмент,Горизонт 1/ серо-желтая мешаная супесь,,,69,dataset/БП11-Р01-Г01-1192_orig.jpg,cu_data/dataset/БП11-Р01-Г01-1192_orig.jpg,True,БП11-Р01-Г01-1192,БП11-Р01-Г01,Изразец,изразец,Керамика,керамика,Фрагмент,фрагмент,Изразец,изразец,False,False,True,False,group_conflict,abbr_in_description|group_conflict
758,БП11-Р01-Г01-1197,Крышка,Крышка белого металла на бутылку с изображением герба фрагментированная,Белый металл,"Д3, толщина 0,1 см",Фрагмент,Горизонт 1/ темно-коричневый гумусированный суглинок с кирпичной крошкой,,,70,dataset/БП11-Р01-Г01-1197_orig.jpg,cu_data/dataset/БП11-Р01-Г01-1197_orig.jpg,True,БП11-Р01-Г01-1197,БП11-Р01-Г01,Крышка,крышка,Белый металл,металл,Фрагмент,фрагмент,Крышка,крышка,False,False,True,False,group_conflict,group_conflict
776,БП11-Р01-Г01-1396,Тарелка,Тарелки фаянсовой края фр-т,Фаянс,Д25 см,Фрагмент,Горизонт 1/ темно-коричневый гумусированный суглинок,,,71,dataset/БП11-Р01-Г01-1396_orig.jpg,cu_data/dataset/БП11-Р01-Г01-1396_orig.jpg,True,БП11-Р01-Г01-1396,БП11-Р01-Г01,Тарелка,тарелка,Фаянс,фаянс,Фрагмент,фрагмент,Тарелка,тарелка,False,False,True,False,group_conflict,abbr_in_description|group_conflict
800,БП11-Р01-Г01-1248,Тарелка,Тарелки фаянсовой с клеймом донце,Фаянс,Д11 см,Фрагмент,Горизонт 1/ темно-коричневый гумусированный суглинок,,,72,dataset/БП11-Р01-Г01-1248_orig.jpg,cu_data/dataset/БП11-Р01-Г01-1248_orig.jpg,True,БП11-Р01-Г01-1248,БП11-Р01-Г01,Тарелка,тарелка,Фаянс,фаянс,Фрагмент,фрагмент,Тарелка,тарелка,False,False,True,False,group_conflict,group_conflict
813,БП11-Р01-тех-0060,Изразец,Изразца (карниз) красноглиняного с белой поливой фр-т,Керамика,"16,8+х12х8,3 см",Фрагмент,Горизонт техноген/ внутри дома,,,73,dataset/БП11-Р01-тех-0060_orig.jpg,cu_data/dataset/БП11-Р01-тех-0060_orig.jpg,True,БП11-Р01-тех-0060,БП11-Р01-тех,Изразец,изразец,Керамика,керамика,Фрагмент,фрагмент,Изразец,изразец,False,False,True,False,group_conflict,abbr_in_description|group_conflict
841,БП11-Р01-Г01-1289,Тарелка,Тарелки фаянсовой с красной росписью профиль,Фаянс,Д15-12 см,Фрагмент,Горизонт 1/ темно-коричневый гумусированный суглинок,,,74,dataset/БП11-Р01-Г01-1289_orig.jpg,cu_data/dataset/БП11-Р01-Г01-1289_orig.jpg,True,БП11-Р01-Г01-1289,БП11-Р01-Г01,Тарелка,тарелка,Фаянс,фаянс,Фрагмент,фрагмент,Тарелка,тарелка,False,False,True,False,group_conflict,group_conflict
866,БП11-Р01-Г03-6484,Блюдце,Блюдца фарфорового с клеймом профиль,Фаянс,Д10-14 см,Фрагмент,Горизонт 3/ щепа + гумус,,,75,dataset/БП11-Р01-Г03-6484_orig.jpg,cu_data/dataset/БП11-Р01-Г03-6484_orig.jpg,True,БП11-Р01-Г03-6484,БП11-Р01-Г03,Блюдце,блюдце,Фаянс,фаянс,Фрагмент,фрагмент,Блюдце,блюдце,False,False,True,False,group_conflict,group_conflict
895,БП11-Р01-тех-0394,Тарелка,Тарелки фаянсовой края фр-т,Фаянс,Д30 см,Фрагмент,Горизонт техноген,,,76,dataset/БП11-Р01-тех-0394_orig.jpg,cu_data/dataset/БП11-Р01-тех-0394_orig.jpg,True,БП11-Р01-тех-0394,БП11-Р01-тех,Тарелка,тарелка,Фаянс,фаянс,Фрагмент,фрагмент,Тарелка,тарелка,False,False,True,False,group_conflict,abbr_in_description|group_conflict
901,БП11-Р01-Г03-6483,Блюдце,Блюдца фарфорового с кобальтовой росписью профиля фр-т,Фарфор,"Д13,5 см",Фрагмент,Горизонт 3/ щепа + гумус,,,77,dataset/БП11-Р01-Г03-6483_orig.jpg,cu_data/dataset/БП11-Р01-Г03-6483_orig.jpg,True,БП11-Р01-Г03-6483,БП11-Р01-Г03,Блюдце,блюдце,Фарфор,фарфор,Фрагмент,фрагмент,Блюдце,блюдце,False,False,True,False,group_conflict,abbr_in_description|group_conflict
1117,Кроп-2013-Тр2-032,Изразец,Изразца красноглиняного углового плоского с белой поливой фр-т,Керамика,"8,5+ х 11,5 х 2; рум=4 см",Фрагмент,,,2013.0,117,dataset/Кроп-2013-Тр2-032_orig.jpg,cu_data/dataset/Кроп-2013-Тр2-032_orig.jpg,True,Кроп-2013-Тр2-032,Кроп-2013-Тр2,Изразец,изразец,Керамика,керамика,Фрагмент,фрагмент,Изразец,изразец,False,False,True,False,group_conflict,abbr_in_description|group_conflict
1123,Кроп-2013-Тр2-045,Тарелка,Тарелки фаянсовой с белой поливой внутри и снаружи с голубым меандром по краю венчика фр-т,Фаянс,Д=21 см,Фрагмент,,,2013.0,118,dataset/Кроп-2013-Тр2-045_orig.jpg,cu_data/dataset/Кроп-2013-Тр2-045_orig.jpg,True,Кроп-2013-Тр2-045,Кроп-2013-Тр2,Тарелка,тарелка,Фаянс,фаянс,Фрагмент,фрагмент,Тарелка,тарелка,False,False,True,False,group_conflict,abbr_in_description|group_conflict
1124,Кроп-2013-Тр2-049,Блюдце,Блюдца фарфорового с белой поливой снаружи и внутри с коричневой каймой и полихромным растительным орнаментом профиль,Фарфор,"Двенч=14; Ддон=8; выс=2,5 см",Фрагмент,,,2013.0,119,dataset/Кроп-2013-Тр2-049_orig.jpg,cu_data/dataset/Кроп-2013-Тр2-049_orig.jpg,True,Кроп-2013-Тр2-049,Кроп-2013-Тр2,Блюдце,блюдце,Фарфор,фарфор,Фрагмент,фрагмент,Блюдце,блюдце,False,False,True,False,group_conflict,group_conflict
1125,Кроп-2013-Тр2-050,Блюдце,Блюдца фарфорового с белой поливой снаружи и внутри профиль,Фарфор,Двенч=14; Ддон=8; выс=3 см,Фрагмент,,,2013.0,120,dataset/Кроп-2013-Тр2-050_orig.jpg,cu_data/dataset/Кроп-2013-Тр2-050_orig.jpg,True,Кроп-2013-Тр2-050,Кроп-2013-Тр2,Блюдце,блюдце,Фарфор,фарфор,Фрагмент,фрагмент,Блюдце,блюдце,False,False,True,False,group_conflict,group_conflict
2297,Заг11-ш02-Г02-242,Изразец,Изразца красноглиняного с белой поливой и кобальтовой росписью фр-т,Керамика,,Фрагмент,Гориз.2,ИИМК РАН,2011.0,263,dataset/Заг11-ш02-Г02-242_orig.jpg,cu_data/dataset/Заг11-ш02-Г02-242_orig.jpg,True,Заг11-ш02-Г02-242,Заг11-ш02-Г02,Изразец,изразец,Керамика,керамика,Фрагмент,фрагмент,Изразец,изразец,False,False,True,False,group_conflict,abbr_in_description|group_conflict
2298,Заг11-ш02-Г02-246,Тарелка,Тарелки красноглиняной с желто-зеленой росписью поливой внутри и белой краской снаружи донца фр-т,Керамика,Д=14 см,Фрагмент,Гориз.2,ИИМК РАН,2011.0,264,dataset/Заг11-ш02-Г02-246_orig.jpg,cu_data/dataset/Заг11-ш02-Г02-246_orig.jpg,True,Заг11-ш02-Г02-246,Заг11-ш02-Г02,Тарелка,тарелка,Керамика,керамика,Фрагмент,фрагмент,Тарелка,тарелка,False,False,True,False,group_conflict,abbr_in_description|group_conflict
2332,КБ-2014-Р1-0094,Плитка,Плитка светлоглиняная напольная с растительным вдавленным рисунком,Глина,"16,5х16,5х1,5 см",Целый,Техногенный слой/ гориз.1,ИИМК РАН,2014.0,266,dataset/КБ-2014-Р1-0094_orig.jpg,cu_data/dataset/КБ-2014-Р1-0094_orig.jpg,True,КБ-2014-Р1-0094,КБ-2014-Р1,Плитка,плитка,Глина,глина,Целый,целый,Плитка,плитка,False,False,True,False,group_conflict,group_conflict
2333,КБ-2014-Р1-0131,Плитка,"Плитки каменной серой  с вдавленным клеймом  ""KLING…"" фрагмент",Камень,15х8 см,Фрагмент,Техногенный слой/ гориз.1,ИИМК РАН,2014.0,267,dataset/КБ-2014-Р1-0131_orig.jpg,cu_data/dataset/КБ-2014-Р1-0131_orig.jpg,True,КБ-2014-Р1-0131,КБ-2014-Р1,Плитка,плитка,Камень,камень,Фрагмент,фрагмент,Плитка,плитка,False,False,True,False,group_conflict,group_conflict
2338,КБ-2014-Р1-0222,Тарелка,"Тарелки фаянсовой с зеленой полосой по краю и гербом РСФСР (серп и молот. Колосья пшеницы, и лозунг""…ТАНИЕ ПУТЬ К социализму"" края фрагменты",Фаянс,мелкие,Фрагмент,Техногенный слой/ гориз.1,ИИМК РАН,2014.0,268,dataset/КБ-2014-Р1-0222_orig.jpg,cu_data/dataset/КБ-2014-Р1-0222_orig.jpg,True,КБ-2014-Р1-0222,КБ-2014-Р1,Тарелка,тарелка,Фаянс,фаянс,Фрагмент,фрагмент,Тарелка,тарелка,False,False,True,False,group_conflict,group_conflict
2340,КБ-2014-Р1-0247,Тарелка,"Тарелки фарфоровой с клеймом ""Фабрика ….нецова…"" фрагмент",Фарфор,"5,5х3 см",Фрагмент,Техногенный слой/ гориз.1,ИИМК РАН,2014.0,269,dataset/КБ-2014-Р1-0247_orig.jpg,cu_data/dataset/КБ-2014-Р1-0247_orig.jpg,True,КБ-2014-Р1-0247,КБ-2014-Р1,Тарелка,тарелка,Фарфор,фарфор,Фрагмент,фрагмент,Тарелка,тарелка,False,False,True,False,group_conflict,group_conflict
2347,КБ-2014-Р1-0281,Тарелка,Тарелки фарфоровой с неровным краем клеймом на дне зеленым цветом в виде монограммы А II над монограммой корона РИ фрагмент,Фарфор,D 12 см,Фрагмент,Техногенный слой/ гориз.1,ИИМК РАН,2014.0,270,dataset/КБ-2014-Р1-0281_orig.jpg,cu_data/dataset/КБ-2014-Р1-0281_orig.jpg,True,КБ-2014-Р1-0281,КБ-2014-Р1,Тарелка,тарелка,Фарфор,фарфор,Фрагмент,фрагмент,Тарелка,тарелка,False,False,True,False,group_conflict,abbr_in_description|group_conflict
2357,КБ-2014-Р1-0320,Тарелка,Тарелки фаянсовой с голубым растительным рисунком края фрагмент,Фаянс,D 27 см,Фрагмент,Мешанная коричневая супесь с включениями (слоистые подсыпки)/ гориз.1,ИИМК РАН,2014.0,271,dataset/КБ-2014-Р1-0320_orig.jpg,cu_data/dataset/КБ-2014-Р1-0320_orig.jpg,True,КБ-2014-Р1-0320,КБ-2014-Р1,Тарелка,тарелка,Фаянс,фаянс,Фрагмент,фрагмент,Тарелка,тарелка,False,False,True,False,group_conflict,group_conflict
2362,КБ-2014-Р1-0378,Тарелка,Тарелки фарфоровой с золотой каймой по краю и изображением герба РИ (двуглавый орел),Фарфор,D 26 см,Фрагмент,Мешанная коричневая супесь с включениями (слоистые подсыпки)/ гориз.1,ИИМК РАН,2014.0,272,dataset/КБ-2014-Р1-0378_orig.jpg,cu_data/dataset/КБ-2014-Р1-0378_orig.jpg,True,КБ-2014-Р1-0378,КБ-2014-Р1,Тарелка,тарелка,Фарфор,фарфор,Фрагмент,фрагмент,Тарелка,тарелка,False,False,True,False,group_conflict,group_conflict
2364,КБ-2014-Р1-0400,Блюдце,Блюдца фарфорового с коричневым пейзажным рисунком внутри края фрагмент,Фарфор,D 15 см,Фрагмент,Мешаный серый суглинок/ гориз.1,ИИМК РАН,2014.0,273,dataset/КБ-2014-Р1-0400_orig.jpg,cu_data/dataset/КБ-2014-Р1-0400_orig.jpg,True,КБ-2014-Р1-0400,КБ-2014-Р1,Блюдце,блюдце,Фарфор,фарфор,Фрагмент,фрагмент,Блюдце,блюдце,False,False,True,False,group_conflict,group_conflict
2367,КБ-2014-Р1-0426,Блюдце,"Блюдца фарфорового с растительным орнаментом и клеймом на дне ""Братьев …новьевых""",Фарфор,D 14 см,Фрагмент,Мешанная коричневая супесь с включениями (слоистые подсыпки)/ гориз.1,ИИМК РАН,2014.0,274,dataset/КБ-2014-Р1-0426_orig.jpg,cu_data/dataset/КБ-2014-Р1-0426_orig.jpg,True,КБ-2014-Р1-0426,КБ-2014-Р1,Блюдце,блюдце,Фарфор,фарфор,Фрагмент,фрагмент,Блюдце,блюдце,False,False,True,False,group_conflict,group_conflict
2368,КБ-2014-Р1-0427,Блюдце,Блюдца фарфорового с синим растительным рисунком и золотой окантовкой фрагмент,Фарфор,D 14 см,Фрагмент,Мешанная коричневая супесь с включениями (слоистые подсыпки)/ гориз.1,ИИМК РАН,2014.0,275,dataset/КБ-2014-Р1-0427_orig.jpg,cu_data/dataset/КБ-2014-Р1-0427_orig.jpg,True,КБ-2014-Р1-0427,КБ-2014-Р1,Блюдце,блюдце,Фарфор,фарфор,Фрагмент,фрагмент,Блюдце,блюдце,False,False,True,False,group_conflict,group_conflict
2369,КБ-2014-Р1-0446,Блюдце,"Блюдца фарфорового с клеймом на дне ""завода  С.Т. Кузнецова в Риге"" фрагмент",Фарфор,D 9 см,Фрагмент,Мешанная коричневая супесь с включениями (слоистые подсыпки)/ гориз.1,ИИМК РАН,2014.0,276,dataset/КБ-2014-Р1-0446_orig.jpg,cu_data/dataset/КБ-2014-Р1-0446_orig.jpg,True,КБ-2014-Р1-0446,КБ-2014-Р1,Блюдце,блюдце,Фарфор,фарфор,Фрагмент,фрагмент,Блюдце,блюдце,False,False,True,False,group_conflict,group_conflict
2411,КБ-2014-Р1-0547,Игрушка,Игрушки фаянсовой солдатика с зеленой росписью пуговицы синего цвета (нет головы и ног),Фаянс,6 см,Фрагмент,Мешанная коричневая супесь с включениями (слоистые подсыпки)/ гориз.1,ИИМК РАН,2014.0,277,dataset/КБ-2014-Р1-0547_orig.jpg,cu_data/dataset/КБ-2014-Р1-0547_orig.jpg,True,КБ-2014-Р1-0547,КБ-2014-Р1,Игрушка,игрушка,Фаянс,фаянс,Фрагмент,фрагмент,Игрушка,игрушка,False,False,True,False,group_conflict,group_conflict
2420,КБ-2014-Р1-0679,Блюдце,Блюдца фарфорового с сиреневым растительным рисунками  фрагмент,Фарфор,D 15 см,Фрагмент,Мешанная коричневая супесь с включениями (слоистые подсыпки)/ гориз.1,ИИМК РАН,2014.0,278,dataset/КБ-2014-Р1-0679_orig.jpg,cu_data/dataset/КБ-2014-Р1-0679_orig.jpg,True,КБ-2014-Р1-0679,КБ-2014-Р1,Блюдце,блюдце,Фарфор,фарфор,Фрагмент,фрагмент,Блюдце,блюдце,False,False,True,False,group_conflict,group_conflict
2423,КБ-2014-Р1-0716,Тарелка,"Тарелки фарфоровой глубокой с зеленой полосой  по краю клеймо на дне монограмма  ""АII"" над ней корона РИ  фрагмент",Фарфор,"D дна 11,5 D венчика 24 см",Фрагмент,Заполнение,ИИМК РАН,2014.0,279,dataset/КБ-2014-Р1-0716_orig.jpg,cu_data/dataset/КБ-2014-Р1-0716_orig.jpg,True,КБ-2014-Р1-0716,КБ-2014-Р1,Тарелка,тарелка,Фарфор,фарфор,Фрагмент,фрагмент,Тарелка,тарелка,False,False,True,False,group_conflict,abbr_in_description|group_conflict
2424,КБ-2014-Р1-0718,Тарелка,Тарелки фаянсовой с подглазурным клеймом (не читается) фрагмент,Фаянс,D 13 см,Фрагмент,Заполнение,ИИМК РАН,2014.0,280,dataset/КБ-2014-Р1-0718_orig.jpg,cu_data/dataset/КБ-2014-Р1-0718_orig.jpg,True,КБ-2014-Р1-0718,КБ-2014-Р1,Тарелка,тарелка,Фаянс,фаянс,Фрагмент,фрагмент,Тарелка,тарелка,False,False,True,False,group_conflict,group_conflict
2425,КБ-2014-Р1-0719,Блюдце,"Блюдца фарфорового рифленого внутри на дне двурядное клеймо ""Ф М САНАШОВА"" фрагмент",Фарфор,"D 5,2 см",Фрагмент,Заполнение,ИИМК РАН,2014.0,281,dataset/КБ-2014-Р1-0719_orig.jpg,cu_data/dataset/КБ-2014-Р1-0719_orig.jpg,True,КБ-2014-Р1-0719,КБ-2014-Р1,Блюдце,блюдце,Фарфор,фарфор,Фрагмент,фрагмент,Блюдце,блюдце,False,False,True,False,group_conflict,group_conflict
2431,КБ-2014-Р1-0780,Блюдце,"Блюдца фарфорового с синей полосой по краю и золотым орнаментом внутри и КРУГОВЫМ клеймом ""…РСФСР МКМП…"" фрагмент",Фарфор,D 14 см,Фрагмент,Мешанная коричневая супесь с включениями (слоистые подсыпки)/ гориз.1,ИИМК РАН,2014.0,282,dataset/КБ-2014-Р1-0780_orig.jpg,cu_data/dataset/КБ-2014-Р1-0780_orig.jpg,True,КБ-2014-Р1-0780,КБ-2014-Р1,Блюдце,блюдце,Фарфор,фарфор,Фрагмент,фрагмент,Блюдце,блюдце,False,False,True,False,group_conflict,group_conflict
2456,КБ-2014-Р1-1032,Блюдце,"Блюдца фарфорового с геометрическим рисунком и бордовыми полосами по кругу клеймом на дне и вдавленной буквой ""И""  фрагмент",Фарфор,D 8 см,Фрагмент,Мешанная коричневая супесь с включениями (слоистые подсыпки)/ гориз.1,ИИМК РАН,2014.0,284,dataset/КБ-2014-Р1-1032_orig.jpg,cu_data/dataset/КБ-2014-Р1-1032_orig.jpg,True,КБ-2014-Р1-1032,КБ-2014-Р1,Блюдце,блюдце,Фарфор,фарфор,Фрагмент,фрагмент,Блюдце,блюдце,False,False,True,False,group_conflict,group_conflict
2457,КБ-2014-Р1-1033,Тарелка,"Тарелки фарфоровой с клеймом на дне ""братьев Корниловых въ Петербург"" придонной части фрагмент",Фарфор,6х4 см,Фрагмент,Мешанная коричневая супесь с включениями (слоистые подсыпки)/ гориз.1,ИИМК РАН,2014.0,285,dataset/КБ-2014-Р1-1033_orig.jpg,cu_data/dataset/КБ-2014-Р1-1033_orig.jpg,True,КБ-2014-Р1-1033,КБ-2014-Р1,Тарелка,тарелка,Фарфор,фарфор,Фрагмент,фрагмент,Тарелка,тарелка,False,False,True,False,group_conflict,group_conflict
2459,КБ-2014-Р1-1101,Тарелка,"Тарелки фаянсовой с клеймом на дне ""им.М.И.КАЛИНИНА  Н.К.М.П. Р.С.Ф.С.Р. Дна фрагмент",Фаянс,"D 11,5 см",Фрагмент,,ИИМК РАН,2014.0,286,dataset/КБ-2014-Р1-1101_orig.jpg,cu_data/dataset/КБ-2014-Р1-1101_orig.jpg,True,КБ-2014-Р1-1101,КБ-2014-Р1,Тарелка,тарелка,Фаянс,фаянс,Фрагмент,фрагмент,Тарелка,тарелка,False,False,True,False,group_conflict,group_conflict
2485,КБ-2014-Р1-1299,Тарелка,"Тарелки фарфоровой с клеймом на дне ""…LLEROY…CH"" и вдавленная ""3"" фрагмент",Фарфор,D 23 см,Фрагмент,Под уровнем известняка,ИИМК РАН,2014.0,287,dataset/КБ-2014-Р1-1299_orig.jpg,cu_data/dataset/КБ-2014-Р1-1299_orig.jpg,True,КБ-2014-Р1-1299,КБ-2014-Р1,Тарелка,тарелка,Фарфор,фарфор,Фрагмент,фрагмент,Тарелка,тарелка,False,False,True,False,group_conflict,group_conflict
2490,КБ-2014-Р1-1304,Блюдце,"Блюдца фарфорового с зеленой каймой по краю и клеймом на дне ""…КРАСНЫЙ ФАРФОРИСТ г. ЧУДОВО"" фрагмент",Фарфор,D 14 см,Фрагмент,Заполнение помещения,ИИМК РАН,2014.0,288,dataset/КБ-2014-Р1-1304_orig.jpg,cu_data/dataset/КБ-2014-Р1-1304_orig.jpg,True,КБ-2014-Р1-1304,КБ-2014-Р1,Блюдце,блюдце,Фарфор,фарфор,Фрагмент,фрагмент,Блюдце,блюдце,False,False,True,False,group_conflict,group_conflict
2512,КБ-2014-Р1-1388,Тарелка,"Тарелки фарфоровой с синим цветочным рисунком внутри придонной части фрагмент клеймо снаружи вдавлено ""Мeissen…2 1/2""  подглазурно синим ""Meissen…39""",Фарфор,D 13 см,Фрагмент,Техногенный слой/ гориз.1,ИИМК РАН,2014.0,289,dataset/КБ-2014-Р1-1388_orig.jpg,cu_data/dataset/КБ-2014-Р1-1388_orig.jpg,True,КБ-2014-Р1-1388,КБ-2014-Р1,Тарелка,тарелка,Фарфор,фарфор,Фрагмент,фрагмент,Тарелка,тарелка,False,False,True,False,group_conflict,group_conflict
2524,КБ-2014-Р1-1464,Изразец,"Изразца красноглиняного с белой поливой   с клеймом внутри ""…ПОСПЪЕВ…""лицевой пластины фрагмент",Глина,10х7 см,Фрагмент,,ИИМК РАН,2014.0,290,dataset/КБ-2014-Р1-1464_orig.jpg,cu_data/dataset/КБ-2014-Р1-1464_orig.jpg,True,КБ-2014-Р1-1464,КБ-2014-Р1,Изразец,изразец,Глина,глина,Фрагмент,фрагмент,Изразец,изразец,False,False,True,False,group_conflict,group_conflict
2526,КБ-2014-Р1-1489,Изразец,Изразца красноглиняного с белой поливой лицевой пластины фрагмент,Глина,16х10х7 см,Фрагмент,Мешанная коричневая супесь с включениями (слоистые подсыпки)/ гориз.1,ИИМК РАН,2014.0,291,dataset/КБ-2014-Р1-1489_orig.jpg,cu_data/dataset/КБ-2014-Р1-1489_orig.jpg,True,КБ-2014-Р1-1489,КБ-2014-Р1,Изразец,изразец,Глина,глина,Фрагмент,фрагмент,Изразец,изразец,False,False,True,False,group_conflict,group_conflict
2528,КБ-2014-Р1-1508,Тарелка,"Тарелки фарфоровой с клеймом на дне ""АII"" дна фрагмент",Фарфор,,Фрагмент,Мешанная коричневая супесь с включениями (слоистые подсыпки)/ гориз.1,ИИМК РАН,2014.0,292,dataset/КБ-2014-Р1-1508_orig.jpg,cu_data/dataset/КБ-2014-Р1-1508_orig.jpg,True,КБ-2014-Р1-1508,КБ-2014-Р1,Тарелка,тарелка,Фарфор,фарфор,Фрагмент,фрагмент,Тарелка,тарелка,False,False,True,False,group_conflict,group_conflict
2530,КБ-2014-Р1-1518,Тарелка,"Тарелки фаянсовой с клеймом на дне ""KPM DRGY LING SRUSCH"" Дна фрагмент",Фаянс,5х9 см,Фрагмент,Мешанная коричневая супесь с включениями (слоистые подсыпки)/ гориз.1,ИИМК РАН,2014.0,293,dataset/КБ-2014-Р1-1518_orig.jpg,cu_data/dataset/КБ-2014-Р1-1518_orig.jpg,True,КБ-2014-Р1-1518,КБ-2014-Р1,Тарелка,тарелка,Фаянс,фаянс,Фрагмент,фрагмент,Тарелка,тарелка,False,False,True,False,group_conflict,group_conflict
2535,КБ-2014-Р1-1539,Блюдце,Блюдца фарфорового с цветочным и геометрическим орнаментов на дне клеймо профиля фрагмент,Фарфор,D 15 см,Фрагмент,Слой разрушения дома/ гориз.1,ИИМК РАН,2014.0,294,dataset/КБ-2014-Р1-1539_orig.jpg,cu_data/dataset/КБ-2014-Р1-1539_orig.jpg,True,КБ-2014-Р1-1539,КБ-2014-Р1,Блюдце,блюдце,Фарфор,фарфор,Фрагмент,фрагмент,Блюдце,блюдце,False,False,True,False,group_conflict,group_conflict
2536,КБ-2014-Р1-1540,Блюдце,Блюдца фарфорового с голубым рисунком внутри профиля фрагмент,Фарфор,D 14 см,Фрагмент,Слой разрушения дома/ гориз.1,ИИМК РАН,2014.0,295,dataset/КБ-2014-Р1-1540_orig.jpg,cu_data/dataset/КБ-2014-Р1-1540_orig.jpg,True,КБ-2014-Р1-1540,КБ-2014-Р1,Блюдце,блюдце,Фарфор,фарфор,Фрагмент,фрагмент,Блюдце,блюдце,False,False,True,False,group_conflict,group_conflict
2537,КБ-2014-Р1-1541,Блюдце,Блюдца фарфорового с коричневой геометрической росписью по краю внутри и клеймом снаружи профиль,Фарфор,D 14 см,Фрагмент,Техногенный слой/ гориз.1,ИИМК РАН,2014.0,296,dataset/КБ-2014-Р1-1541_orig.jpg,cu_data/dataset/КБ-2014-Р1-1541_orig.jpg,True,КБ-2014-Р1-1541,КБ-2014-Р1,Блюдце,блюдце,Фарфор,фарфор,Фрагмент,фрагмент,Блюдце,блюдце,False,False,True,False,group_conflict,group_conflict
2539,КБ-2014-Р1-1568,Блюдце,Блюдца фарфорового  с монохромным цветочным рисунком внутри неровным краем профиля фрагмент,Фарфор,D 15 см,Фрагмент,Техногенный слой/ гориз.1,ИИМК РАН,2014.0,297,dataset/КБ-2014-Р1-1568_orig.jpg,cu_data/dataset/КБ-2014-Р1-1568_orig.jpg,True,КБ-2014-Р1-1568,КБ-2014-Р1,Блюдце,блюдце,Фарфор,фарфор,Фрагмент,фрагмент,Блюдце,блюдце,False,False,True,False,group_conflict,group_conflict
2600,КБ-2014-Р2-0088,Тарелка,Тарелка фаянсовая с рельефным краем и растительным декольным зеленым орнаментом профиль с клеймом на донце,Фаянс,"Двен=16; Ддон=10; выс=1,5 см",Фрагмент,Слой 1/ гориз.1,ИИМК РАН,2014.0,299,dataset/КБ-2014-Р2-0088_orig.jpg,cu_data/dataset/КБ-2014-Р2-0088_orig.jpg,True,КБ-2014-Р2-0088,КБ-2014-Р2,Тарелка,тарелка,Фаянс,фаянс,Фрагмент,фрагмент,Тарелка,тарелка,False,False,True,False,group_conflict,group_conflict
2602,КБ-2014-Р2-0091,Крышка,Чайника фарфорового с полихромным цветочным и линейным декольным орнаментом крышка,Фарфор,"Д=4,5; выс=2,5 см",Целый,Слой 1/ гориз.1,ИИМК РАН,2014.0,300,dataset/КБ-2014-Р2-0091_orig.jpg,cu_data/dataset/КБ-2014-Р2-0091_orig.jpg,True,КБ-2014-Р2-0091,КБ-2014-Р2,Крышка,крышка,Фарфор,фарфор,Целый,целый,Крышка,крышка,False,False,True,False,group_conflict,group_conflict
2603,КБ-2014-Р2-0092,Блюдце,Блюдце фарфоровое с зеленым линейным орнаментом по краю внутри и клеймом на донце фр-ое,Фарфор,"Двен=14; Ддон=8; выс=3,2 см",Фрагмент,Слой 1/ гориз.1,ИИМК РАН,2014.0,301,dataset/КБ-2014-Р2-0092_orig.jpg,cu_data/dataset/КБ-2014-Р2-0092_orig.jpg,True,КБ-2014-Р2-0092,КБ-2014-Р2,Блюдце,блюдце,Фарфор,фарфор,Фрагмент,фрагмент,Блюдце,блюдце,False,False,True,False,group_conflict,group_conflict
2604,КБ-2014-Р2-0094,Тарелка,"Тарелки фарфоровой с растительным полихромным орнаментом внутри, с рельефным краем и клеймом на донце, профиль",Фарфор,"Двен=18; Ддон=10; выс=2,5 см",Фрагмент,Слой 1/ гориз.1,ИИМК РАН,2014.0,302,dataset/КБ-2014-Р2-0094_orig.jpg,cu_data/dataset/КБ-2014-Р2-0094_orig.jpg,True,КБ-2014-Р2-0094,КБ-2014-Р2,Тарелка,тарелка,Фарфор,фарфор,Фрагмент,фрагмент,Тарелка,тарелка,False,False,True,False,group_conflict,group_conflict
2626,КБ-2014-Р2-0127,Тарелка,Тарелки фаянсовой с растительным полихромным орнаментом внутри донца клейменого фр-т,Фаянс,Д=11 см,Фрагмент,Слой 1/ гориз.1,ИИМК РАН,2014.0,303,dataset/КБ-2014-Р2-0127_orig.jpg,cu_data/dataset/КБ-2014-Р2-0127_orig.jpg,True,КБ-2014-Р2-0127,КБ-2014-Р2,Тарелка,тарелка,Фаянс,фаянс,Фрагмент,фрагмент,Тарелка,тарелка,False,False,True,False,group_conflict,abbr_in_description|group_conflict
2627,КБ-2014-Р2-0128,Крышка,Сосуда фарфорового рельефной крышки профиль,Фарфор,"Д=4; выс=1,3 см",Фрагмент,Слой 1/ гориз.1,ИИМК РАН,2014.0,304,dataset/КБ-2014-Р2-0128_orig.jpg,cu_data/dataset/КБ-2014-Р2-0128_orig.jpg,True,КБ-2014-Р2-0128,КБ-2014-Р2,Крышка,крышка,Фарфор,фарфор,Фрагмент,фрагмент,Крышка,крышка,False,False,True,False,group_conflict,group_conflict
2629,КБ-2014-Р2-0130,Блюдце,Блюдце фарфоровое с клеймом на донце фр-ое,Фарфор,"Двен=15,5; Ддон=8; выс=2,5 см",Фрагмент,Слой 1/ гориз.1,ИИМК РАН,2014.0,305,dataset/КБ-2014-Р2-0130_orig.jpg,cu_data/dataset/КБ-2014-Р2-0130_orig.jpg,True,КБ-2014-Р2-0130,КБ-2014-Р2,Блюдце,блюдце,Фарфор,фарфор,Фрагмент,фрагмент,Блюдце,блюдце,False,False,True,False,group_conflict,group_conflict
2631,КБ-2014-Р2-0132,Блюдце,Блюдце фарфоровое с полихромным пейзажным орнаментом и клеймом на донце профиль,Фарфор,"Двен=ок159; Ддон=; выс=2,5 см",Фрагмент,Слой 1/ гориз.1,ИИМК РАН,2014.0,306,dataset/КБ-2014-Р2-0132_orig.jpg,cu_data/dataset/КБ-2014-Р2-0132_orig.jpg,True,КБ-2014-Р2-0132,КБ-2014-Р2,Блюдце,блюдце,Фарфор,фарфор,Фрагмент,фрагмент,Блюдце,блюдце,False,False,True,False,group_conflict,group_conflict
2632,КБ-2014-Р2-0133,Крышка,Чайника фарфорового с полихромным цветочным декольным орнаментом крышка,Фарфор,"Д=4,5; выс=3 см",Целый,Слой 1/ гориз.1,ИИМК РАН,2014.0,307,dataset/КБ-2014-Р2-0133_orig.jpg,cu_data/dataset/КБ-2014-Р2-0133_orig.jpg,True,КБ-2014-Р2-0133,КБ-2014-Р2,Крышка,крышка,Фарфор,фарфор,Целый,целый,Крышка,крышка,False,False,True,False,group_conflict,group_conflict
2679,КБ-2014-Р2-0185,Крышка,Сосуда фаянсового с синей поливой снаружи и внутри со сквозными отверстиями крышки профиль,Фаянс,Д=10; выс=2 см,Фрагмент,Слой 2/ гориз.2,ИИМК РАН,2014.0,308,dataset/КБ-2014-Р2-0185_orig.jpg,cu_data/dataset/КБ-2014-Р2-0185_orig.jpg,True,КБ-2014-Р2-0185,КБ-2014-Р2,Крышка,крышка,Фаянс,фаянс,Фрагмент,фрагмент,Крышка,крышка,False,False,True,False,group_conflict,group_conflict
2681,КБ-2014-Р2-0189,Блюдце,Блюдца фарфорового с полихромным цветочным и рельефным орнаментом внутри профиль,Фарфор,Двен=14; Ддон=8; выс=2 см,Фрагмент,Слой 2/ гориз.2,ИИМК РАН,2014.0,309,dataset/КБ-2014-Р2-0189_orig.jpg,cu_data/dataset/КБ-2014-Р2-0189_orig.jpg,True,КБ-2014-Р2-0189,КБ-2014-Р2,Блюдце,блюдце,Фарфор,фарфор,Фрагмент,фрагмент,Блюдце,блюдце,False,False,True,False,group_conflict,group_conflict
2684,КБ-2014-Р2-0197,Тарелка,Тарелки миниатюрной фарфоровой с полихромным и рельефным орнаментом внутри профиль,Фарфор,"Двен=7,5; Ддон=4,5; выс=1,3 см",Фрагмент,Слой 3а/ гориз.2,ИИМК РАН,2014.0,310,dataset/КБ-2014-Р2-0197_orig.jpg,cu_data/dataset/КБ-2014-Р2-0197_orig.jpg,True,КБ-2014-Р2-0197,КБ-2014-Р2,Тарелка,тарелка,Фарфор,фарфор,Фрагмент,фрагмент,Тарелка,тарелка,False,False,True,False,group_conflict,group_conflict
2689,КБ-2014-Р2-0211,Блюдце,"Блюдца фарфорового с золотым линейным и буквенным синим орнаментом внутри и клеймом на донце, профиль",Фарфор,"Двен=не определен; Ддон=8; выс=2,2 см",Фрагмент,Слой 3а/ гориз.2,ИИМК РАН,2014.0,311,dataset/КБ-2014-Р2-0211_orig.jpg,cu_data/dataset/КБ-2014-Р2-0211_orig.jpg,True,КБ-2014-Р2-0211,КБ-2014-Р2,Блюдце,блюдце,Фарфор,фарфор,Фрагмент,фрагмент,Блюдце,блюдце,False,False,True,False,group_conflict,group_conflict
2692,КБ-2014-Р2-0218,Блюдце,"Блюдце фарфоровое с полихромным линейным и растительным орнаментом внутри и клеймом на донце, фр-ое",Фарфор,"Двен=14,5; Ддон=8,5; выс=2,5 см",Фрагмент,Слой 1/ гориз.1,ИИМК РАН,2014.0,312,dataset/КБ-2014-Р2-0218_orig.jpg,cu_data/dataset/КБ-2014-Р2-0218_orig.jpg,True,КБ-2014-Р2-0218,КБ-2014-Р2,Блюдце,блюдце,Фарфор,фарфор,Фрагмент,фрагмент,Блюдце,блюдце,False,False,True,False,group_conflict,group_conflict
2693,КБ-2014-Р2-0221,Крышка,Сосуда фарфорового со сквозными отверстиями и золотым орнаментом крышки фр-т,Фарфор,Д=не определен см,Фрагмент,Слой 3а/ гориз.2,ИИМК РАН,2014.0,313,dataset/КБ-2014-Р2-0221_orig.jpg,cu_data/dataset/КБ-2014-Р2-0221_orig.jpg,True,КБ-2014-Р2-0221,КБ-2014-Р2,Крышка,крышка,Фарфор,фарфор,Фрагмент,фрагмент,Крышка,крышка,False,False,True,False,group_conflict,abbr_in_description|group_conflict
2747,КБ-2014-Р2-0320,Изразец,Изразца светлоглиняного плоского с черным геометрическим и растительным орнаментом фр-т,Керамика,"10+ х 9 х 1,5; рум=2 см",Фрагмент,,ИИМК РАН,2014.0,314,dataset/КБ-2014-Р2-0320_orig.jpg,cu_data/dataset/КБ-2014-Р2-0320_orig.jpg,True,КБ-2014-Р2-0320,КБ-2014-Р2,Изразец,изразец,Керамика,керамика,Фрагмент,фрагмент,Изразец,изразец,False,False,True,False,group_conflict,abbr_in_description|group_conflict
2750,КБ-2014-Р2-0323,Миска,"Миски красноглиняной с зелено-коричневой поливой внутри с белым волновым и линейным белым орнаментом, профиль",Керамика,Двен=20; Ддон=10; выс=6 см,Фрагмент,Слой 3а/ гориз.2,ИИМК РАН,2014.0,315,dataset/КБ-2014-Р2-0323_orig.jpg,cu_data/dataset/КБ-2014-Р2-0323_orig.jpg,True,КБ-2014-Р2-0323,КБ-2014-Р2,Миска,миска,Керамика,керамика,Фрагмент,фрагмент,Миска,миска,False,False,True,False,group_conflict,group_conflict
2756,КБ-2014-Р2-0331,Тарелка,Тарелки миниатюрной фарфоровой с полихромным и рельефным орнаментом внутри профиль,Фарфор,"Двен=8; Ддон=4,5; выс=1,5 см",Фрагмент,Слой 2/ гориз.2,ИИМК РАН,2014.0,316,dataset/КБ-2014-Р2-0331_orig.jpg,cu_data/dataset/КБ-2014-Р2-0331_orig.jpg,True,КБ-2014-Р2-0331,КБ-2014-Р2,Тарелка,тарелка,Фарфор,фарфор,Фрагмент,фрагмент,Тарелка,тарелка,False,False,True,False,group_conflict,group_conflict
2757,КБ-2014-Р2-0332,Крышка,Сосуда красноглиняного с белой внутри и коричневой снаружи крышка фр-ая,Керамика,"Д=13,5; выс=5 см",Фрагмент,Слой 2/ гориз.2,ИИМК РАН,2014.0,317,dataset/КБ-2014-Р2-0332_orig.jpg,cu_data/dataset/КБ-2014-Р2-0332_orig.jpg,True,КБ-2014-Р2-0332,КБ-2014-Р2,Крышка,крышка,Керамика,керамика,Фрагмент,фрагмент,Крышка,крышка,False,False,True,False,group_conflict,group_conflict
2759,КБ-2014-Р2-0337,Изразец,Изразец угловой карнизный светлоглиняный с белой поливой,Керамика,"14 х 15 х 2; рум=5,5 см",Целый,Слой 2/ гориз.2,ИИМК РАН,2014.0,318,dataset/КБ-2014-Р2-0337_orig.jpg,cu_data/dataset/КБ-2014-Р2-0337_orig.jpg,True,КБ-2014-Р2-0337,КБ-2014-Р2,Изразец,изразец,Керамика,керамика,Целый,целый,Изразец,изразец,False,False,True,False,group_conflict,group_conflict
2760,КБ-2014-Р2-0338,Изразец,Изразец карнизный светлоглиняный с белой поливой,Керамика,"23,5 х 10 х 2; рум=5 см",Целый,Слой 2/ гориз.2,ИИМК РАН,2014.0,319,dataset/КБ-2014-Р2-0338_orig.jpg,cu_data/dataset/КБ-2014-Р2-0338_orig.jpg,True,КБ-2014-Р2-0338,КБ-2014-Р2,Изразец,изразец,Керамика,керамика,Целый,целый,Изразец,изразец,False,False,True,False,group_conflict,group_conflict
2762,КБ-2014-Р2-0340,Изразец,Изразец угловой карнизный светлоглиняный с белой поливой,Керамика,"17 х 14 х 2; рум=5,5 см",Целый,Слой 2/ гориз.2,ИИМК РАН,2014.0,320,dataset/КБ-2014-Р2-0340_orig.jpg,cu_data/dataset/КБ-2014-Р2-0340_orig.jpg,True,КБ-2014-Р2-0340,КБ-2014-Р2,Изразец,изразец,Керамика,керамика,Целый,целый,Изразец,изразец,False,False,True,False,group_conflict,group_conflict
2781,КБ-2014-Р2-0361,Тарелка,"Тарелка фарфоровая с линейным красным, желтым и рельефным орнаментом внутри, с клеймом на донце",Фарфор,"Двен=21,5; Ддон=13; выс=2,5 см",Фрагмент,Слой 4,ИИМК РАН,2014.0,321,dataset/КБ-2014-Р2-0361_orig.jpg,cu_data/dataset/КБ-2014-Р2-0361_orig.jpg,True,КБ-2014-Р2-0361,КБ-2014-Р2,Тарелка,тарелка,Фарфор,фарфор,Фрагмент,фрагмент,Тарелка,тарелка,False,False,True,False,group_conflict,group_conflict
2786,КБ-2014-Р2-0370,Миска,"Мисочка прозрачного стекла с рельефным краем и рельефным орнаментом звезд снаружи, профиль",Стекло,"Двен=13,5; Ддон=5,5; выс=3 см",Фрагмент,Слой 4,ИИМК РАН,2014.0,322,dataset/КБ-2014-Р2-0370_orig.jpg,cu_data/dataset/КБ-2014-Р2-0370_orig.jpg,True,КБ-2014-Р2-0370,КБ-2014-Р2,Миска,миска,Стекло,стекло,Фрагмент,фрагмент,Миска,миска,False,False,True,False,group_conflict,group_conflict
2803,КБ-2014-Р2-0394,Тарелка,Тарелки миниатюрной фарфоровой с черным линейным орнаментом внутри профиль,Фарфор,"Двен=6,3; Ддон=4; выс=1 см",Фрагмент,Слой 4,ИИМК РАН,2014.0,323,dataset/КБ-2014-Р2-0394_orig.jpg,cu_data/dataset/КБ-2014-Р2-0394_orig.jpg,True,КБ-2014-Р2-0394,КБ-2014-Р2,Тарелка,тарелка,Фарфор,фарфор,Фрагмент,фрагмент,Тарелка,тарелка,False,False,True,False,group_conflict,group_conflict
2804,КБ-2014-Р2-0395,Блюдце,"Блюдца фарфорового с коричневы линейным орнаментом внутри, с клеймом на донце, профиль",Фарфор,Двен=14; Ддон=8; выс=3 см,Фрагмент,Слой 4,ИИМК РАН,2014.0,324,dataset/КБ-2014-Р2-0395_orig.jpg,cu_data/dataset/КБ-2014-Р2-0395_orig.jpg,True,КБ-2014-Р2-0395,КБ-2014-Р2,Блюдце,блюдце,Фарфор,фарфор,Фрагмент,фрагмент,Блюдце,блюдце,False,False,True,False,group_conflict,group_conflict
2834,КБ-2014-Р2-0430,Блюдце,Блюдца фарфорового с полихромным растительным орнаментом внутри профиль с клеймом на донце,Фарфор,Двен=13; Ддон=8; выс=3 см,Фрагмент,Слой 3а,ИИМК РАН,2014.0,325,dataset/КБ-2014-Р2-0430_orig.jpg,cu_data/dataset/КБ-2014-Р2-0430_orig.jpg,True,КБ-2014-Р2-0430,КБ-2014-Р2,Блюдце,блюдце,Фарфор,фарфор,Фрагмент,фрагмент,Блюдце,блюдце,False,False,True,False,group_conflict,group_conflict
2835,КБ-2014-Р2-0431,Блюдце,Блюдца фарфорового с полихромным растительным орнаментом внутри профиль с клеймом на донце,Фарфор,Двен=13; Ддон=8; выс=3 см,Фрагмент,Слой 3а,ИИМК РАН,2014.0,326,dataset/КБ-2014-Р2-0431_orig.jpg,cu_data/dataset/КБ-2014-Р2-0431_orig.jpg,True,КБ-2014-Р2-0431,КБ-2014-Р2,Блюдце,блюдце,Фарфор,фарфор,Фрагмент,фрагмент,Блюдце,блюдце,False,False,True,False,group_conflict,group_conflict
2836,КБ-2014-Р2-0432,Блюдце,Блюдца фарфорового с полихромным растительным орнаментом внутри профиль с клеймом на донце,Фарфор,Двен=15; Ддон=7; выс=4 см,Фрагмент,Слой 3а,ИИМК РАН,2014.0,327,dataset/КБ-2014-Р2-0432_orig.jpg,cu_data/dataset/КБ-2014-Р2-0432_orig.jpg,True,КБ-2014-Р2-0432,КБ-2014-Р2,Блюдце,блюдце,Фарфор,фарфор,Фрагмент,фрагмент,Блюдце,блюдце,False,False,True,False,group_conflict,group_conflict
2838,КБ-2014-Р2-0435,Крышка,Сосуда красноглиняного с коричневой снаружи и белой поливой внутри крышка,Керамика,"Д=8,5; выс=4 см",Целый,,ИИМК РАН,2014.0,328,dataset/КБ-2014-Р2-0435_orig.jpg,cu_data/dataset/КБ-2014-Р2-0435_orig.jpg,True,КБ-2014-Р2-0435,КБ-2014-Р2,Крышка,крышка,Керамика,керамика,Целый,целый,Крышка,крышка,False,False,True,False,group_conflict,group_conflict
2853,КБ-2014-Р2-0459,Блюдце,"Блюдце фарфоровое с полихромным растительным орнаментом внутри и клеймом на донце, фр-ое",Фарфор,"Двен=13,5; Ддон=8; выс=3 см",Фрагмент,Слой 3а,ИИМК РАН,2014.0,329,dataset/КБ-2014-Р2-0459_orig.jpg,cu_data/dataset/КБ-2014-Р2-0459_orig.jpg,True,КБ-2014-Р2-0459,КБ-2014-Р2,Блюдце,блюдце,Фарфор,фарфор,Фрагмент,фрагмент,Блюдце,блюдце,False,False,True,False,group_conflict,group_conflict
2868,КБ-2014-Р2-0478,Тарелка,Тарелка голубого прозрачного стекла с рельефным орнаментом снаружи фр-ая,Стекло,"Двен=14,5; Ддон=6,5; выс=2,5 см",Фрагмент,Слой 2/ гориз.2,ИИМК РАН,2014.0,330,dataset/КБ-2014-Р2-0478_orig.jpg,cu_data/dataset/КБ-2014-Р2-0478_orig.jpg,True,КБ-2014-Р2-0478,КБ-2014-Р2,Тарелка,тарелка,Стекло,стекло,Фрагмент,фрагмент,Тарелка,тарелка,False,False,True,False,group_conflict,group_conflict
2873,КБ-2014-Р2-0484,Миска,Миски белоглиняной с нагаром и следами черной поливы снаружи и внутри профиль,Керамика,"Двен=16,5; Ддон=6,5; выс=6 см",Фрагмент,Слой 5/ гориз.3,ИИМК РАН,2014.0,331,dataset/КБ-2014-Р2-0484_orig.jpg,cu_data/dataset/КБ-2014-Р2-0484_orig.jpg,True,КБ-2014-Р2-0484,КБ-2014-Р2,Миска,миска,Керамика,керамика,Фрагмент,фрагмент,Миска,миска,False,False,True,False,group_conflict,group_conflict
2879,КБ-2014-Р2-0492,Крышка,"Сосуда парфюмерного фарфорового с золотым линейным орнаментом снаружи и клеймом внутри, крышка",Фарфор,"Д=5,3; выс=2 см",Целый,Слой 3/ гориз.2,ИИМК РАН,2014.0,333,dataset/КБ-2014-Р2-0492_orig.jpg,cu_data/dataset/КБ-2014-Р2-0492_orig.jpg,True,КБ-2014-Р2-0492,КБ-2014-Р2,Крышка,крышка,Фарфор,фарфор,Целый,целый,Крышка,крышка,False,False,True,False,group_conflict,group_conflict
2910,КБ-2014-Р2-0532,Тарелка,Тарелка фаянсовая с рельефным краем и растительным и пейзажным декольным синим орнаментом фр-ая с клеймом на донце,Фаянс,"Двен=24; Ддон=14; выс=2,5 см",Фрагмент,Слой 4,ИИМК РАН,2014.0,334,dataset/КБ-2014-Р2-0532_orig.jpg,cu_data/dataset/КБ-2014-Р2-0532_orig.jpg,True,КБ-2014-Р2-0532,КБ-2014-Р2,Тарелка,тарелка,Фаянс,фаянс,Фрагмент,фрагмент,Тарелка,тарелка,False,False,True,False,group_conflict,group_conflict
