Unnamed: 0,code,name,description,material,size,fragm,cultlayer,execorg,survyear,row_id,image_file,image_abs,image_exists,artifact_id,group_key,name_raw,name_norm,material_raw,material_norm,fragm_raw,fragm_norm,raw_label,norm_label,label_is_missing,label_is_uncertain,group_has_conflict,is_very_rare,quality_flag,split
1242,БП12-Г01-0767,Крышка,Сосуда фарфорового крышка,Фарфор,Д7 см,Целый,Горизонт 1/ Темная гумусированная супесь с включением щепы и кирпичной крошки,,,152,dataset/БП12-Г01-0767_orig.jpg,cu_data/dataset/БП12-Г01-0767_orig.jpg,True,БП12-Г01-0767,БП12-Г01-0767,Крышка,крышка,Фарфор,фарфор,Целый,целый,Крышка,крышка,False,False,False,False,ok,pool_candidate
1289,БП12-Г01-0956,Миска,Миски красноглиняной профиль,Красноглиняная керамика,"Д15-13; высота 2,3 см",Фрагмент,Горизонт 1/ темный гумусированный суглинок с кирпичной крошкой,,,157,dataset/БП12-Г01-0956_orig.jpg,cu_data/dataset/БП12-Г01-0956_orig.jpg,True,БП12-Г01-0956,БП12-Г01-0956,Миска,миска,Красноглиняная керамика,керамика,Фрагмент,фрагмент,Миска,миска,False,False,False,False,ok,pool_candidate
1421,БП12-Г01-2476,Тарелка,Тарелки фаянсовой с рельефным краем и кобальтовой росписью профиль с клеймом,Фаянс,Д25-14 см,Фрагмент,Горизонт 1/ мешаный гумусированный суглинок с кирпичной крошкой,,,170,dataset/БП12-Г01-2476_orig.jpg,cu_data/dataset/БП12-Г01-2476_orig.jpg,True,БП12-Г01-2476,БП12-Г01-2476,Тарелка,тарелка,Фаянс,фаянс,Фрагмент,фрагмент,Тарелка,тарелка,False,False,False,False,ok,pool_candidate
1502,БП12-Г01-3461,Крышка,Сосуда красноглиняного крышки с коричневой поливой внутри и снаружи края фр-т,Красноглиняная керамика,,Фрагмент,Горизонт 1/ Темный гумусированный суглинок с кирпичной крошкой,,,177,dataset/БП12-Г01-3461_orig.jpg,cu_data/dataset/БП12-Г01-3461_orig.jpg,True,БП12-Г01-3461,БП12-Г01-3461,Крышка,крышка,Красноглиняная керамика,керамика,Фрагмент,фрагмент,Крышка,крышка,False,False,False,False,ok,pool_candidate
1503,БП12-Г01-3462,Блюдце,Блюдца фаянсового с росписью профиль,Фаянс,Д17-10 см,Фрагмент,Горизонт 1/ Темный гумусированный суглинок с кирпичной крошкой,,,178,dataset/БП12-Г01-3462_orig.jpg,cu_data/dataset/БП12-Г01-3462_orig.jpg,True,БП12-Г01-3462,БП12-Г01-3462,Блюдце,блюдце,Фаянс,фаянс,Фрагмент,фрагмент,Блюдце,блюдце,False,False,False,False,ok,pool_candidate
1520,БП12-Г01-3577,Тарелка,Тарелки фаянсовой с клеймом донца фр-т,Фаянс,,Фрагмент,Горизонт 1/ темная гумусированная супесь со щепой и кирпичом,,,180,dataset/БП12-Г01-3577_orig.jpg,cu_data/dataset/БП12-Г01-3577_orig.jpg,True,БП12-Г01-3577,БП12-Г01-3577,Тарелка,тарелка,Фаянс,фаянс,Фрагмент,фрагмент,Тарелка,тарелка,False,False,False,False,ok,pool_candidate
1622,БП12-Г01-5844,Тарелка,Тарелки фаянсовой с клеймом и инициалами донца фр-т,Фаянс,Д9 см,Фрагмент,Горизонт 1/ темная гумусированная супесь с включением строительного мусора,,,186,dataset/БП12-Г01-5844_orig.jpg,cu_data/dataset/БП12-Г01-5844_orig.jpg,True,БП12-Г01-5844,БП12-Г01-5844,Тарелка,тарелка,Фаянс,фаянс,Фрагмент,фрагмент,Тарелка,тарелка,False,False,False,False,ok,pool_candidate
1687,БП12-Г01-6524,Блюдце,Блюдца фаянсового профиль,Фаянс,"Д14-7,5 см",Фрагмент,Горизонт 1/ гумусированный суглинок с кирпичной крошкой,,,196,dataset/БП12-Г01-6524_orig.jpg,cu_data/dataset/БП12-Г01-6524_orig.jpg,True,БП12-Г01-6524,БП12-Г01-6524,Блюдце,блюдце,Фаянс,фаянс,Фрагмент,фрагмент,Блюдце,блюдце,False,False,False,False,ok,pool_candidate
1734,БП12-Г01-6940,Игрушка,Игрушки резиновой фр-т,Резина,длина 8+ см,Фрагмент,Горизонт 1/ темная гумусированная супесь со щепой и кирпичной крошкой,,,201,dataset/БП12-Г01-6940_orig.jpg,cu_data/dataset/БП12-Г01-6940_orig.jpg,True,БП12-Г01-6940,БП12-Г01-6940,Игрушка,игрушка,Резина,резина,Фрагмент,фрагмент,Игрушка,игрушка,False,False,False,False,ok,pool_candidate
1757,БП12-Г01-7262,Крышка,Сосуда фаянсового крышка фрагментированная,Фаянс,"Д7,5-5 см",Фрагмент,Горизонт 1/ гумусированный суглинок с кирпичной крошкой,,,210,dataset/БП12-Г01-7262_orig.jpg,cu_data/dataset/БП12-Г01-7262_orig.jpg,True,БП12-Г01-7262,БП12-Г01-7262,Крышка,крышка,Фаянс,фаянс,Фрагмент,фрагмент,Крышка,крышка,False,False,False,False,ok,pool_candidate
1763,БП12-Г01-7271,Миска,Миски деревянной профиль,Дерево,Д40 см,Фрагмент,Горизонт 1/ гумусированный суглинок с кирпичной крошкой,,,212,dataset/БП12-Г01-7271_orig.jpg,cu_data/dataset/БП12-Г01-7271_orig.jpg,True,БП12-Г01-7271,БП12-Г01-7271,Миска,миска,Дерево,дерево,Фрагмент,фрагмент,Миска,миска,False,False,False,False,ok,pool_candidate
1765,БП12-Г01-7274,Крышка,Бочонка деревянного крышки со сквозным отверстием фр-т,Дерево,"Д15,5 см",Фрагмент,Горизонт 1/ гумусированный суглинок с кирпичной крошкой,,,213,dataset/БП12-Г01-7274_orig.jpg,cu_data/dataset/БП12-Г01-7274_orig.jpg,True,БП12-Г01-7274,БП12-Г01-7274,Крышка,крышка,Дерево,дерево,Фрагмент,фрагмент,Крышка,крышка,False,False,False,False,ok,pool_candidate
1771,БП12-Г01-7738,Тарелка,Тарелки красноглиняной с белым ангобом внутри и следами зеленой поливы внутри и снаружи профиль,Красноглиняная керамика,Д35-22 см,Фрагмент,Горизонт 1/ серая мешаная гумусированная супесь,,,214,dataset/БП12-Г01-7738_orig.jpg,cu_data/dataset/БП12-Г01-7738_orig.jpg,True,БП12-Г01-7738,БП12-Г01-7738,Тарелка,тарелка,Красноглиняная керамика,керамика,Фрагмент,фрагмент,Тарелка,тарелка,False,False,False,False,ok,pool_candidate
1792,БП12-Г01-8799,Изразец,Изразца красноглиняного плоского орнаментированного фр-т,Керамика,,Фрагмент,Горизонт 1/ гумусированный суглинок с кирпичной крошкой,,,219,dataset/БП12-Г01-8799_orig.jpg,cu_data/dataset/БП12-Г01-8799_orig.jpg,True,БП12-Г01-8799,БП12-Г01-8799,Изразец,изразец,Керамика,керамика,Фрагмент,фрагмент,Изразец,изразец,False,False,False,False,ok,pool_candidate
1846,БП12-Г02-1735,Миска,Миски красноглиняной профиль,Красноглиняная керамика,Д15-13; высота 2  см,Фрагмент,Горизонт 2/ темная гумусированная супесь,,,223,dataset/БП12-Г02-1735_orig.jpg,cu_data/dataset/БП12-Г02-1735_orig.jpg,True,БП12-Г02-1735,БП12-Г02-1735,Миска,миска,Красноглиняная керамика,керамика,Фрагмент,фрагмент,Миска,миска,False,False,False,False,ok,pool_candidate
1881,БП12-Г02-2581,Тарелка,Тарелки красноглиняной с коричневой поливой внутри и белой по слою белого ангоба снаружи и росписью зеленой поливой края фр-т,Красноглиняная керамика,Д32 см,Фрагмент,Горизонт 2/ темная гумусированная супесь,,,224,dataset/БП12-Г02-2581_orig.jpg,cu_data/dataset/БП12-Г02-2581_orig.jpg,True,БП12-Г02-2581,БП12-Г02-2581,Тарелка,тарелка,Красноглиняная керамика,керамика,Фрагмент,фрагмент,Тарелка,тарелка,False,False,False,False,ok,pool_candidate
1889,БП12-Г02-2655,Плитка,Плитки светлоглиняной с белой поливой и с кобальтовой росписью фр-т,Керамика,"5,5х4,5х0,8 см",Фрагмент,Горизонт 2/ Темная гумусированная супесь,,,225,dataset/БП12-Г02-2655_orig.jpg,cu_data/dataset/БП12-Г02-2655_orig.jpg,True,БП12-Г02-2655,БП12-Г02-2655,Плитка,плитка,Керамика,керамика,Фрагмент,фрагмент,Плитка,плитка,False,False,False,False,ok,pool_candidate
1978,БП12-Г02-3865,Изразец,Изразца красноглиняного с зеленой поливой фр-т,Керамика,"высота 11,2х11,3х8,5 см",Фрагмент,Горизонт 2/ Темная мешаная супесь с кирпичной крошкой,,,231,dataset/БП12-Г02-3865_orig.jpg,cu_data/dataset/БП12-Г02-3865_orig.jpg,True,БП12-Г02-3865,БП12-Г02-3865,Изразец,изразец,Керамика,керамика,Фрагмент,фрагмент,Изразец,изразец,False,False,False,False,ok,pool_candidate
1990,БП12-Г02-3927,Крышка,Сосуда красноглиняного с нагарос внутри крышки профиль,Красноглиняная керамика,Д27 см,Фрагмент,Горизонт 2/ темная гумусированная супесь с кирпичной крошкой,,,233,dataset/БП12-Г02-3927_orig.jpg,cu_data/dataset/БП12-Г02-3927_orig.jpg,True,БП12-Г02-3927,БП12-Г02-3927,Крышка,крышка,Красноглиняная керамика,керамика,Фрагмент,фрагмент,Крышка,крышка,False,False,False,False,ok,pool_candidate
2056,БП12-Г02-4540,Блюдце,Блюдца фарфорового с росписью профиль,Фарфор,Д14-9; высота 3 см,Фрагмент,Горизонт 2/ Темный гумусированный суглинок с щепой и органикой,,,243,dataset/БП12-Г02-4540_orig.jpg,cu_data/dataset/БП12-Г02-4540_orig.jpg,True,БП12-Г02-4540,БП12-Г02-4540,Блюдце,блюдце,Фарфор,фарфор,Фрагмент,фрагмент,Блюдце,блюдце,False,False,False,False,ok,pool_candidate
2085,БП12-Г02-4708,Крышка,Чайника фарфорового крышка фрагментированная,Фарфор,"Д5,5 см",Фрагмент,Горизонт 2/ Темная гумусированная супесь,,,244,dataset/БП12-Г02-4708_orig.jpg,cu_data/dataset/БП12-Г02-4708_orig.jpg,True,БП12-Г02-4708,БП12-Г02-4708,Крышка,крышка,Фарфор,фарфор,Фрагмент,фрагмент,Крышка,крышка,False,False,False,False,ok,pool_candidate
2233,БП12-Т01-8073,Блюдце,Блюдца фаянсового с полихромной росписью донца фр-т,Фаянс,Д6 см,Фрагмент,,,,256,dataset/БП12-Т01-8073_orig.jpg,cu_data/dataset/БП12-Т01-8073_orig.jpg,True,БП12-Т01-8073,БП12-Т01-8073,Блюдце,блюдце,Фаянс,фаянс,Фрагмент,фрагмент,Блюдце,блюдце,False,False,False,False,ok,pool_candidate
2234,БП12-Т01-8074,Блюдце,Блюдца фаянсового с кобальтовой росписью и рельефными стенками донца фр-т,Фаянс,Д9 см,Фрагмент,,,,257,dataset/БП12-Т01-8074_orig.jpg,cu_data/dataset/БП12-Т01-8074_orig.jpg,True,БП12-Т01-8074,БП12-Т01-8074,Блюдце,блюдце,Фаянс,фаянс,Фрагмент,фрагмент,Блюдце,блюдце,False,False,False,False,ok,pool_candidate
3165,КБ-2014-Р3-0022,Тарелка,Тарелки фарфоровой с белой поливой снаружи и внутри донца с клеймом фр-т,Фарфор,,Фрагмент,Слой 1/ гориз.1,ИИМК РАН,2014.0,366,dataset/КБ-2014-Р3-0022_orig.jpg,cu_data/dataset/КБ-2014-Р3-0022_orig.jpg,True,КБ-2014-Р3-0022,КБ-2014-Р3,Тарелка,тарелка,Фарфор,фарфор,Фрагмент,фрагмент,Тарелка,тарелка,False,False,True,False,group_conflict,pool_candidate
3171,КБ-2014-Р3-0049,Тарелка,Тарелки фарфоровой с белой поливой снаружи и внутри донца с двумя клеймами фр-т,Фарфор,D15 см,Фрагмент,Слой 1/ гориз.1,ИИМК РАН,2014.0,367,dataset/КБ-2014-Р3-0049_orig.jpg,cu_data/dataset/КБ-2014-Р3-0049_orig.jpg,True,КБ-2014-Р3-0049,КБ-2014-Р3,Тарелка,тарелка,Фарфор,фарфор,Фрагмент,фрагмент,Тарелка,тарелка,False,False,True,False,group_conflict,pool_candidate
3176,КБ-2014-Р3-0060,Изразец,Изразца красноглиняного с белой поливой снаружи карнизная часть с румпой фрагментированная с клеймом,Керамика,"18,3 х 15 х 2; hрум=6 см",Фрагмент,Слой 2/ гориз.1,ИИМК РАН,2014.0,368,dataset/КБ-2014-Р3-0060_orig.jpg,cu_data/dataset/КБ-2014-Р3-0060_orig.jpg,True,КБ-2014-Р3-0060,КБ-2014-Р3,Изразец,изразец,Керамика,керамика,Фрагмент,фрагмент,Изразец,изразец,False,False,True,False,group_conflict,pool_candidate
3180,КБ-2014-Р3-0064,Блюдце,Блюдца фарфорового с белой поливой снаружи и внутри донца с клеймом фр-т,Фарфор,D10 см,Фрагмент,Слой 2/ гориз.1,ИИМК РАН,2014.0,369,dataset/КБ-2014-Р3-0064_orig.jpg,cu_data/dataset/КБ-2014-Р3-0064_orig.jpg,True,КБ-2014-Р3-0064,КБ-2014-Р3,Блюдце,блюдце,Фарфор,фарфор,Фрагмент,фрагмент,Блюдце,блюдце,False,False,True,False,group_conflict,pool_candidate
3184,КБ-2014-Р3-0070,Тарелка,Тарелки фарфоровой с белой поливой снаружи и белой поливой с полихромным надглазурным сюжетным орнаментом внутри профиль,Фарфор,"Dвен=25, Dдон=15; Выс=6,8 см",Фрагмент,Слой 2/ гориз.1,ИИМК РАН,2014.0,370,dataset/КБ-2014-Р3-0070_orig.jpg,cu_data/dataset/КБ-2014-Р3-0070_orig.jpg,True,КБ-2014-Р3-0070,КБ-2014-Р3,Тарелка,тарелка,Фарфор,фарфор,Фрагмент,фрагмент,Тарелка,тарелка,False,False,True,False,group_conflict,pool_candidate
3185,КБ-2014-Р3-0073,Тарелка,Тарелки фарфоровой с белой поливой снаружи и белой поливой с полихромным надглазурным цветочным орнаментом и синей окантовкой внутри профиль,Фарфор,"Dвен=18; Dдон=12; Выс=1,8 см",Фрагмент,Слой 2/ гориз.1,ИИМК РАН,2014.0,371,dataset/КБ-2014-Р3-0073_orig.jpg,cu_data/dataset/КБ-2014-Р3-0073_orig.jpg,True,КБ-2014-Р3-0073,КБ-2014-Р3,Тарелка,тарелка,Фарфор,фарфор,Фрагмент,фрагмент,Тарелка,тарелка,False,False,True,False,group_conflict,pool_candidate
3188,КБ-2014-Р3-0086,Тарелка,Тарелки фаянсовой с белой поливой снаружи и внутри донца с клеймом фр-т,Фаянс,D15 см,Фрагмент,Слой 2/ гориз.1,ИИМК РАН,2014.0,372,dataset/КБ-2014-Р3-0086_orig.jpg,cu_data/dataset/КБ-2014-Р3-0086_orig.jpg,True,КБ-2014-Р3-0086,КБ-2014-Р3,Тарелка,тарелка,Фаянс,фаянс,Фрагмент,фрагмент,Тарелка,тарелка,False,False,True,False,group_conflict,pool_candidate
3207,КБ-2014-Р3-0105,Блюдце,Блюдца фарфорового с белой поливой снаружи и голубой поливой с полихромным сюжетным орнаментом (изображен ангел) профиль с волнистым венчиком,Фарфор,"Dвен=10; Dдон=8; Выс=1,8 см",Фрагмент,Слой 2/ гориз.1,ИИМК РАН,2014.0,373,dataset/КБ-2014-Р3-0105_orig.jpg,cu_data/dataset/КБ-2014-Р3-0105_orig.jpg,True,КБ-2014-Р3-0105,КБ-2014-Р3,Блюдце,блюдце,Фарфор,фарфор,Фрагмент,фрагмент,Блюдце,блюдце,False,False,True,False,group_conflict,pool_candidate
3215,КБ-2014-Р3-0114,Тарелка,Тарелка фаянсовая с белой поливой снаружи и белой поливой с коричневым надглазурным цветочным орнаментом в стиле деколь внутри профиль с клеймом на донце,Фаянс,"Dвен=17; Dдон=9; Выс=1,6 см",Фрагмент,Слой 1/ гориз.1,ИИМК РАН,2014.0,374,dataset/КБ-2014-Р3-0114_orig.jpg,cu_data/dataset/КБ-2014-Р3-0114_orig.jpg,True,КБ-2014-Р3-0114,КБ-2014-Р3,Тарелка,тарелка,Фаянс,фаянс,Фрагмент,фрагмент,Тарелка,тарелка,False,False,True,False,group_conflict,pool_candidate
3216,КБ-2014-Р3-0115,Блюдце,Блюдца фарфорового с белой поливой снаружи и белой поливой с надглазурным зеленым цветочным орнаментов в стиле деколь профиль с клеймом на донце,Фарфор,"Dвен=14; Dдон=7; Выс=2,5 см",Фрагмент,Слой 1/ гориз.1,ИИМК РАН,2014.0,375,dataset/КБ-2014-Р3-0115_orig.jpg,cu_data/dataset/КБ-2014-Р3-0115_orig.jpg,True,КБ-2014-Р3-0115,КБ-2014-Р3,Блюдце,блюдце,Фарфор,фарфор,Фрагмент,фрагмент,Блюдце,блюдце,False,False,True,False,group_conflict,pool_candidate
3217,КБ-2014-Р3-0116,Блюдце,Блюдечка фарфорового с белой поливой снаружи и белой поливой с зеленым подглазурным растительным орнаментом внутри профиль,Фарфор,Dвен=8; Dдон=4; Выс=1 см,Фрагмент,Слой 1/ гориз.1,ИИМК РАН,2014.0,376,dataset/КБ-2014-Р3-0116_orig.jpg,cu_data/dataset/КБ-2014-Р3-0116_orig.jpg,True,КБ-2014-Р3-0116,КБ-2014-Р3,Блюдце,блюдце,Фарфор,фарфор,Фрагмент,фрагмент,Блюдце,блюдце,False,False,True,False,group_conflict,pool_candidate
3235,КБ-2014-Р3-0138,Тарелка,Тарелки фарфоровой с белой поливой снаружи и белой поливой с зеленой окантовкой внутри профиль с клеймом на донце,Фарфор,"Dвен=25; Dдон=15; Выс=2,3 см",Фрагмент,Слой 2/ гориз.1,ИИМК РАН,2014.0,377,dataset/КБ-2014-Р3-0138_orig.jpg,cu_data/dataset/КБ-2014-Р3-0138_orig.jpg,True,КБ-2014-Р3-0138,КБ-2014-Р3,Тарелка,тарелка,Фарфор,фарфор,Фрагмент,фрагмент,Тарелка,тарелка,False,False,True,False,group_conflict,pool_candidate
3237,КБ-2014-Р3-0141,Тарелка,Тарелка фарфоровая с белой поливой снаружи и белой поливой с полихромным надглазурным цветочным орнаментом(ручная роспись) внутри фрагментированная с клеймом на донце,Фарфор,"Dвен=18; Dдон=10,5; Выс=1,9 см",Целый,Слой 2/ гориз.1,ИИМК РАН,2014.0,378,dataset/КБ-2014-Р3-0141_orig.jpg,cu_data/dataset/КБ-2014-Р3-0141_orig.jpg,True,КБ-2014-Р3-0141,КБ-2014-Р3,Тарелка,тарелка,Фарфор,фарфор,Целый,целый,Тарелка,тарелка,False,False,True,False,group_conflict,pool_candidate
3241,КБ-2014-Р3-0147,Изразец,Изразца белоглиняного с коричневой поливой и рельефным орнаментом снаружи карнизной части с румпой фр-т,Керамика,"16,5+ х 14,5 х 2,5; hрум=3 см",Фрагмент,Слой 2/ гориз.1,ИИМК РАН,2014.0,379,dataset/КБ-2014-Р3-0147_orig.jpg,cu_data/dataset/КБ-2014-Р3-0147_orig.jpg,True,КБ-2014-Р3-0147,КБ-2014-Р3,Изразец,изразец,Керамика,керамика,Фрагмент,фрагмент,Изразец,изразец,False,False,True,False,group_conflict,pool_candidate
3244,КБ-2014-Р3-0151,Крышка,Крышка белоглиняная с коричневой поливой с зеленым рельефным орнаментом снаружи и желто-коричневой поливой внутри фрагментированная,Керамика,D6 см,Фрагмент,Слой 2/ гориз.1,ИИМК РАН,2014.0,380,dataset/КБ-2014-Р3-0151_orig.jpg,cu_data/dataset/КБ-2014-Р3-0151_orig.jpg,True,КБ-2014-Р3-0151,КБ-2014-Р3,Крышка,крышка,Керамика,керамика,Фрагмент,фрагмент,Крышка,крышка,False,False,True,False,group_conflict,pool_candidate
3249,КБ-2014-Р3-0157,Блюдце,Блюдца фарфорового с белой поливой снаружи и белой поливой с полихромным надглазурным орнаментом и золотистой каймой внутри донце с клеймом,Фарфор,"D6,5 см",Целый,Слой 2/ гориз.1,ИИМК РАН,2014.0,381,dataset/КБ-2014-Р3-0157_orig.jpg,cu_data/dataset/КБ-2014-Р3-0157_orig.jpg,True,КБ-2014-Р3-0157,КБ-2014-Р3,Блюдце,блюдце,Фарфор,фарфор,Целый,целый,Блюдце,блюдце,False,False,True,False,group_conflict,pool_candidate
3250,КБ-2014-Р3-0158,Тарелка,Тарелки фаянсовой с белой поливой снаружи и внутри донца с клеймом фр-т,Фаянс,D12 см,Фрагмент,Слой 2/ гориз.1,ИИМК РАН,2014.0,382,dataset/КБ-2014-Р3-0158_orig.jpg,cu_data/dataset/КБ-2014-Р3-0158_orig.jpg,True,КБ-2014-Р3-0158,КБ-2014-Р3,Тарелка,тарелка,Фаянс,фаянс,Фрагмент,фрагмент,Тарелка,тарелка,False,False,True,False,group_conflict,pool_candidate
3261,КБ-2014-Р3-0171,Тарелка,Тарелки фарфоровой с белой поливой снаружи и внутри донца с клеймом фр-т,Фарфор,D13 см,Фрагмент,Слой 2/ гориз.1,ИИМК РАН,2014.0,383,dataset/КБ-2014-Р3-0171_orig.jpg,cu_data/dataset/КБ-2014-Р3-0171_orig.jpg,True,КБ-2014-Р3-0171,КБ-2014-Р3,Тарелка,тарелка,Фарфор,фарфор,Фрагмент,фрагмент,Тарелка,тарелка,False,False,True,False,group_conflict,pool_candidate
3332,КБ-2014-Р3-0252,Блюдце,Сосуда(блюдца) фарфорового с белой поливой снаружи и белой поливой с полихромным надглазурным орнаментом внутри донца с клеймом фр-т,Фарфор,,Фрагмент,Слой 3/ гориз.1,ИИМК РАН,2014.0,384,dataset/КБ-2014-Р3-0252_orig.jpg,cu_data/dataset/КБ-2014-Р3-0252_orig.jpg,True,КБ-2014-Р3-0252,КБ-2014-Р3,Блюдце,блюдце,Фарфор,фарфор,Фрагмент,фрагмент,Блюдце,блюдце,False,False,True,False,group_conflict,pool_candidate
3333,КБ-2014-Р3-0253,Изразец,Изразец-городок(корона) светлоглиняный рельефный,Керамика,"11,5 х 8,5 х 3; hрум=3 см",Целый,Слой 3/ гориз.1,ИИМК РАН,2014.0,385,dataset/КБ-2014-Р3-0253_orig.jpg,cu_data/dataset/КБ-2014-Р3-0253_orig.jpg,True,КБ-2014-Р3-0253,КБ-2014-Р3,Изразец,изразец,Керамика,керамика,Целый,целый,Изразец,изразец,False,False,True,False,group_conflict,pool_candidate
3344,КБ-2014-Р3-0268,Крышка,Крышки фаянсовой с бело-коричневой поливой снаружи с коричневым линейным орнаментом и бело-коричневой поливой внутри профиль,Фаянс,"D11; Выс=1,5 см",Фрагмент,Слой 2/ гориз.1,ИИМК РАН,2014.0,386,dataset/КБ-2014-Р3-0268_orig.jpg,cu_data/dataset/КБ-2014-Р3-0268_orig.jpg,True,КБ-2014-Р3-0268,КБ-2014-Р3,Крышка,крышка,Фаянс,фаянс,Фрагмент,фрагмент,Крышка,крышка,False,False,True,False,group_conflict,pool_candidate
3357,КБ-2014-Р3-0299,Блюдце,Блюдца фарфорового с белой поливой снаружи и внутри донца с клеймом фр-т,Фарфор,D8 см,Фрагмент,Слой 3/ гориз.1,ИИМК РАН,2014.0,387,dataset/КБ-2014-Р3-0299_orig.jpg,cu_data/dataset/КБ-2014-Р3-0299_orig.jpg,True,КБ-2014-Р3-0299,КБ-2014-Р3,Блюдце,блюдце,Фарфор,фарфор,Фрагмент,фрагмент,Блюдце,блюдце,False,False,True,False,group_conflict,pool_candidate
3359,КБ-2014-Р3-0302,Блюдце,Блюдце фарфоровое с белой поливой снаружи и бело-коричневой поливой с полихромным надглазурным цветочным орнаментом внутри фрагментированное с клеймом на донце,Фарфор,"Dвен=15; Dдон=8; Выс=3,1 см",Фрагмент,Слой 3/ гориз.1,ИИМК РАН,2014.0,388,dataset/КБ-2014-Р3-0302_orig.jpg,cu_data/dataset/КБ-2014-Р3-0302_orig.jpg,True,КБ-2014-Р3-0302,КБ-2014-Р3,Блюдце,блюдце,Фарфор,фарфор,Фрагмент,фрагмент,Блюдце,блюдце,False,False,True,False,group_conflict,pool_candidate
3379,КБ-2014-Р3-0342,Изразец,Изразца красноглиняного плоского клейменого с белой поливой снаружи фр-т,Керамика,"16+ х 17,5+ х 1,5 см",Фрагмент,,ИИМК РАН,2014.0,389,dataset/КБ-2014-Р3-0342_orig.jpg,cu_data/dataset/КБ-2014-Р3-0342_orig.jpg,True,КБ-2014-Р3-0342,КБ-2014-Р3,Изразец,изразец,Керамика,керамика,Фрагмент,фрагмент,Изразец,изразец,False,False,True,False,group_conflict,pool_candidate
3387,КБ-2014-Р3-0391,Крышка,Крышка от кувшина фаянсовая с бежевой поливой снаружи и внутри с фр-том металлического крепления клейменая,Фаянс,"D7,3 см",Фрагмент,Слой 2/ гориз.1,ИИМК РАН,2014.0,390,dataset/КБ-2014-Р3-0391_orig.jpg,cu_data/dataset/КБ-2014-Р3-0391_orig.jpg,True,КБ-2014-Р3-0391,КБ-2014-Р3,Крышка,крышка,Фаянс,фаянс,Фрагмент,фрагмент,Крышка,крышка,False,False,True,False,group_conflict,pool_candidate
3388,КБ-2014-Р3-0394,Тарелка,Тарелки красноглиняной с белым ангобом снаружи и зеленой поливой внутри профиль,Керамика,Dвен=17; Dдон=8; Выс=3 см,Фрагмент,Слой 1/ гориз.1,ИИМК РАН,2014.0,391,dataset/КБ-2014-Р3-0394_orig.jpg,cu_data/dataset/КБ-2014-Р3-0394_orig.jpg,True,КБ-2014-Р3-0394,КБ-2014-Р3,Тарелка,тарелка,Керамика,керамика,Фрагмент,фрагмент,Тарелка,тарелка,False,False,True,False,group_conflict,pool_candidate
3391,КБ-2014-Р3-0397,Изразец,Изразца красноглиняного плоского клейменого с белой поливой снаружи фр-т,Керамика,,Фрагмент,Слой 2/ гориз.1,ИИМК РАН,2014.0,392,dataset/КБ-2014-Р3-0397_orig.jpg,cu_data/dataset/КБ-2014-Р3-0397_orig.jpg,True,КБ-2014-Р3-0397,КБ-2014-Р3,Изразец,изразец,Керамика,керамика,Фрагмент,фрагмент,Изразец,изразец,False,False,True,False,group_conflict,pool_candidate
3392,КБ-2014-Р3-0399,Тарелка,Тарелки красноглиняной с белым ангобом снаружи и бежево-коричневой поливой с полихромным орнаментом по белому ангобу внутри профиль,Керамика,"Dвен=15; Dдон=8; Выс=3,8 см",Фрагмент,Слой 2/ гориз.1,ИИМК РАН,2014.0,393,dataset/КБ-2014-Р3-0399_orig.jpg,cu_data/dataset/КБ-2014-Р3-0399_orig.jpg,True,КБ-2014-Р3-0399,КБ-2014-Р3,Тарелка,тарелка,Керамика,керамика,Фрагмент,фрагмент,Тарелка,тарелка,False,False,True,False,group_conflict,pool_candidate
3403,КБ-2014-Р3-0419,Крышка,Крышка пластмассовая красная с рельефной надписью,Пластмасса,6 х 5 х 1 см,Целый,Слой 2/ гориз.1,ИИМК РАН,2014.0,394,dataset/КБ-2014-Р3-0419_orig.jpg,cu_data/dataset/КБ-2014-Р3-0419_orig.jpg,True,КБ-2014-Р3-0419,КБ-2014-Р3,Крышка,крышка,Пластмасса,пластмасса,Целый,целый,Крышка,крышка,False,False,True,False,group_conflict,pool_candidate
3418,КБ-2014-Р3-0436,Тарелка,Тарелки фаянсовой с белой поливой снаружи и белой поливой с черным подглазурным растительным орнаментом в стиле деколь профиль с клеймом на донце,Фаянс,"Dвен=17; Dдон=9; Выс=1,6 см",Фрагмент,Слой 2/ гориз.1,ИИМК РАН,2014.0,395,dataset/КБ-2014-Р3-0436_orig.jpg,cu_data/dataset/КБ-2014-Р3-0436_orig.jpg,True,КБ-2014-Р3-0436,КБ-2014-Р3,Тарелка,тарелка,Фаянс,фаянс,Фрагмент,фрагмент,Тарелка,тарелка,False,False,True,False,group_conflict,pool_candidate
3424,КБ-2014-Р3-0442,Крышка,Крышки фаянсовой с белой поливой с черным подглазурным орнаментом в виде георгиевского креста с лентой и белой поливой внутри профиль,Фаянс,D17 см,Фрагмент,Слой 2/ гориз.1,ИИМК РАН,2014.0,396,dataset/КБ-2014-Р3-0442_orig.jpg,cu_data/dataset/КБ-2014-Р3-0442_orig.jpg,True,КБ-2014-Р3-0442,КБ-2014-Р3,Крышка,крышка,Фаянс,фаянс,Фрагмент,фрагмент,Крышка,крышка,False,False,True,False,group_conflict,pool_candidate
3500,КБ-2014-Р3-0535,Миска,Миски белоглиняной с серо-желтой поливой внутри профиль с ручкой,Керамика,"Dвен=17; Dдон=14; Выс=5,5 см",Фрагмент,Слой 5/ гориз.2,ИИМК РАН,2014.0,397,dataset/КБ-2014-Р3-0535_orig.jpg,cu_data/dataset/КБ-2014-Р3-0535_orig.jpg,True,КБ-2014-Р3-0535,КБ-2014-Р3,Миска,миска,Керамика,керамика,Фрагмент,фрагмент,Миска,миска,False,False,True,False,group_conflict,pool_candidate
3508,КБ-2014-Р3-0543,Крышка,Крышки белоглиняной с коричневой поливой снаружи ручка,Керамика,D4 см,Фрагмент,Слой 5/ гориз.2,ИИМК РАН,2014.0,398,dataset/КБ-2014-Р3-0543_orig.jpg,cu_data/dataset/КБ-2014-Р3-0543_orig.jpg,True,КБ-2014-Р3-0543,КБ-2014-Р3,Крышка,крышка,Керамика,керамика,Фрагмент,фрагмент,Крышка,крышка,False,False,True,False,group_conflict,pool_candidate
959,Кроп-2013-252,Блюдце,"Блюдца фаянсового с белой поливой снаружи и внутри, с фиолетовым подглазурным декольным орнаментом и клеймом на донце профиля фр-т",Фаянс,"Двен=14; Ддон=7; выс=2,5 см",Фрагмент,,,2013.0,91,dataset/Кроп-2013-252_orig.jpg,cu_data/dataset/Кроп-2013-252_orig.jpg,True,Кроп-2013-252,Кроп-2013-252,Блюдце,блюдце,Фаянс,фаянс,Фрагмент,фрагмент,Блюдце,блюдце,False,False,False,False,ok,pool_candidate
968,Кроп-2013-263,Блюдце,"Блюдце фарфоровое с растительным декольным орнаментом внутри, фрагментированное",Фарфор,"Двен=15; Ддон=9; выс=2,5 см",Фрагмент,,,2013.0,93,dataset/Кроп-2013-263_orig.jpg,cu_data/dataset/Кроп-2013-263_orig.jpg,True,Кроп-2013-263,Кроп-2013-263,Блюдце,блюдце,Фарфор,фарфор,Фрагмент,фрагмент,Блюдце,блюдце,False,False,False,False,ok,pool_candidate
1020,Кроп-2013-421,Тарелка,Сосуда (тарелки ?) фаянсовой с белой поливой внутри и снаружи донца клейменого фр-т,Фаянс,Д=не определим,Фрагмент,,,2013.0,109,dataset/Кроп-2013-421_orig.jpg,cu_data/dataset/Кроп-2013-421_orig.jpg,True,Кроп-2013-421,Кроп-2013-421,Тарелка,тарелка,Фаянс,фаянс,Фрагмент,фрагмент,Тарелка,тарелка,False,True,False,False,uncertain_label,pool_candidate
323,Мич11-ш01-029,Изразец,Изразца красноглиняного с белой поливой и кобальтовой росписью фр-т,Керамика,,Фрагмент,Сильногумусированная коричневая супесь с включениями битого кирпича,ИИМК РАН,2011.0,45,dataset/Мич11-ш01-029_orig.jpg,cu_data/dataset/Мич11-ш01-029_orig.jpg,True,Мич11-ш01-029,Мич11-ш01-029,Изразец,изразец,Керамика,керамика,Фрагмент,фрагмент,Изразец,изразец,False,False,False,False,ok,pool_candidate
1197,Нев11-Г04-182,Тарелка,Тарелки красноглиняной с прозрачной поливой и следами росписи венчика фр-т,Керамика,Д20 см,Фрагмент,Гориз.4,,2011.0,140,dataset/Нев11-Г04-182_orig.jpg,cu_data/dataset/Нев11-Г04-182_orig.jpg,True,Нев11-Г04-182,Нев11-Г04-182,Тарелка,тарелка,Керамика,керамика,Фрагмент,фрагмент,Тарелка,тарелка,False,False,False,False,ok,pool_candidate
11800,Нейш3А-2018-0102,Крышка,Крышечки белого матового стекла круглой клейменой  профиль,Стекло,"Д=7,5 см",Фрагмент,Современный строительный мусор,,,894,dataset/Нейш3А-2018-0102_orig.jpg,cu_data/dataset/Нейш3А-2018-0102_orig.jpg,True,Нейш3А-2018-0102,Нейш3А-2018-0102,Крышка,крышка,Стекло,стекло,Фрагмент,фрагмент,Крышка,крышка,False,False,False,False,ok,pool_candidate
11804,Нейш3А-2018-0111,Тарелка,Тарелки фаянсовой с бордовым линейным орнаментом внутри профиль,Фаянс,"7,5х6,3 см",Фрагмент,Современный строительный мусор,,,897,dataset/Нейш3А-2018-0111_orig.jpg,cu_data/dataset/Нейш3А-2018-0111_orig.jpg,True,Нейш3А-2018-0111,Нейш3А-2018-0111,Тарелка,тарелка,Фаянс,фаянс,Фрагмент,фрагмент,Тарелка,тарелка,False,False,False,False,ok,pool_candidate
11808,Нейш3А-2018-0118,Блюдце,Блюдца фарфорового клейменого донца фр-т,Фарфор,"7х4,2 см",Фрагмент,Современный строительный мусор,,,899,dataset/Нейш3А-2018-0118_orig.jpg,cu_data/dataset/Нейш3А-2018-0118_orig.jpg,True,Нейш3А-2018-0118,Нейш3А-2018-0118,Блюдце,блюдце,Фарфор,фарфор,Фрагмент,фрагмент,Блюдце,блюдце,False,False,False,False,ok,pool_candidate
11823,Нейш3А-2018-0189,Крышка,Крышки прозрачного темно-зеленого стекла фр-т,Стекло,Д=7+ см,Фрагмент,Современный строительный мусор,,,901,dataset/Нейш3А-2018-0189_orig.jpg,cu_data/dataset/Нейш3А-2018-0189_orig.jpg,True,Нейш3А-2018-0189,Нейш3А-2018-0189,Крышка,крышка,Стекло,стекло,Фрагмент,фрагмент,Крышка,крышка,False,False,False,False,ok,pool_candidate
11832,Нейш3А-2018-0210,Блюдце,Блюдца прозрачного бесцветного стекла профиль,Стекло,Д=9 см,Фрагмент,Современный строительный мусор,,,904,dataset/Нейш3А-2018-0210_orig.jpg,cu_data/dataset/Нейш3А-2018-0210_orig.jpg,True,Нейш3А-2018-0210,Нейш3А-2018-0210,Блюдце,блюдце,Стекло,стекло,Фрагмент,фрагмент,Блюдце,блюдце,False,False,False,False,ok,pool_candidate
11910,Нейш3А-2018-0374,Тарелка,Тарелки фаянсовой с серебристым растительным орнаментом и синей толстой лентой по краю венчика фр-т,Фаянс,"6,5х4 см",Фрагмент,Современный строительный мусор,,,917,dataset/Нейш3А-2018-0374_orig.jpg,cu_data/dataset/Нейш3А-2018-0374_orig.jpg,True,Нейш3А-2018-0374,Нейш3А-2018-0374,Тарелка,тарелка,Фаянс,фаянс,Фрагмент,фрагмент,Тарелка,тарелка,False,False,False,False,ok,pool_candidate
11953,Нейш3А-2018-0499,Тарелка,Тарелки фаянсовой с волнообразными краями профиль,Фаянс,Д=15+ см,Фрагмент,Темно-коричневая супесь,,,925,dataset/Нейш3А-2018-0499_orig.jpg,cu_data/dataset/Нейш3А-2018-0499_orig.jpg,True,Нейш3А-2018-0499,Нейш3А-2018-0499,Тарелка,тарелка,Фаянс,фаянс,Фрагмент,фрагмент,Тарелка,тарелка,False,False,False,False,ok,pool_candidate
12009,Нейш3А-2018-0629,Тарелка,Тарелки фаянсовой клейменой донца фр-т,Фаянс,"7,5х3,5 см",Фрагмент,Темно-коричневая супесь,,,930,dataset/Нейш3А-2018-0629_orig.jpg,cu_data/dataset/Нейш3А-2018-0629_orig.jpg,True,Нейш3А-2018-0629,Нейш3А-2018-0629,Тарелка,тарелка,Фаянс,фаянс,Фрагмент,фрагмент,Тарелка,тарелка,False,False,False,False,ok,pool_candidate
12094,Нейш3А-2018-0726,Блюдце,"Блюдца фарфорового с линейным орнаментом (золотистый, красный) клейменого внутри донца фр-т",Фарфор,"Д=8,2 см",Фрагмент,Строительный мусор с включением темно-коричневой супеси,,,933,dataset/Нейш3А-2018-0726_orig.jpg,cu_data/dataset/Нейш3А-2018-0726_orig.jpg,True,Нейш3А-2018-0726,Нейш3А-2018-0726,Блюдце,блюдце,Фарфор,фарфор,Фрагмент,фрагмент,Блюдце,блюдце,False,False,False,False,ok,pool_candidate
12103,Нейш3А-2018-0737,Блюдце,"Блюдца фарфорового с геометрическим орнаментом внутри (синий, золотистый) профиль",Фарфор,"Д=9+ h=4,5 см",Фрагмент,Строительный мусор с включением темно-коричневой супеси,,,936,dataset/Нейш3А-2018-0737_orig.jpg,cu_data/dataset/Нейш3А-2018-0737_orig.jpg,True,Нейш3А-2018-0737,Нейш3А-2018-0737,Блюдце,блюдце,Фарфор,фарфор,Фрагмент,фрагмент,Блюдце,блюдце,False,False,False,False,ok,pool_candidate
12108,Нейш3А-2018-0742,Тарелка,Тарелки фаянсовой с голубой линией по центру донца с придонной частью фр-т,Фаянс,"д=12,5 см",Фрагмент,Строительный мусор с включением темно-коричневой супеси,,,940,dataset/Нейш3А-2018-0742_orig.jpg,cu_data/dataset/Нейш3А-2018-0742_orig.jpg,True,Нейш3А-2018-0742,Нейш3А-2018-0742,Тарелка,тарелка,Фаянс,фаянс,Фрагмент,фрагмент,Тарелка,тарелка,False,False,False,False,ok,pool_candidate
12183,Нейш3А-2018-0839,Блюдце,"Блюдца фарфорового с пятнистым и цветочным орнаментом внутри (синий, золотистый, зеленый, красный) профиль",Фарфор,"Д=9,5+  д=5,5+ см",Фрагмент,Строительный мусор с включением темно-коричневой супеси,,,953,dataset/Нейш3А-2018-0839_orig.jpg,cu_data/dataset/Нейш3А-2018-0839_orig.jpg,True,Нейш3А-2018-0839,Нейш3А-2018-0839,Блюдце,блюдце,Фарфор,фарфор,Фрагмент,фрагмент,Блюдце,блюдце,False,False,False,False,ok,pool_candidate
12298,Нейш3А-2018-1042,Тарелка,Тарелки фаянсовой с синим растительным орнаментом в стиле деколь внутри клейменой профиль,Фаянс,"Д=20,5 д=11,5  см",Фрагмент,Строительный мусор с включением темно-коричневой супеси,,,972,dataset/Нейш3А-2018-1042_orig.jpg,cu_data/dataset/Нейш3А-2018-1042_orig.jpg,True,Нейш3А-2018-1042,Нейш3А-2018-1042,Тарелка,тарелка,Фаянс,фаянс,Фрагмент,фрагмент,Тарелка,тарелка,False,False,False,False,ok,pool_candidate
12359,Нейш3А-2018-1174,Крышка,"Сосуда фаянсового крышки с изображением креста на георгиевской ленточке (черный, желтый) фр-т",Фаянс,Д=9+ см,Фрагмент,Современный строительный мусор,,,977,dataset/Нейш3А-2018-1174_orig.jpg,cu_data/dataset/Нейш3А-2018-1174_orig.jpg,True,Нейш3А-2018-1174,Нейш3А-2018-1174,Крышка,крышка,Фаянс,фаянс,Фрагмент,фрагмент,Крышка,крышка,False,False,False,False,ok,pool_candidate
12361,Нейш3А-2018-1178,Тарелка,Тарелки белоглиняной с желтой поливой снаружи и внутри глубокой профиль,Керамика,Д=9+ см,Фрагмент,Современный строительный мусор,,,978,dataset/Нейш3А-2018-1178_orig.jpg,cu_data/dataset/Нейш3А-2018-1178_orig.jpg,True,Нейш3А-2018-1178,Нейш3А-2018-1178,Тарелка,тарелка,Керамика,керамика,Фрагмент,фрагмент,Тарелка,тарелка,False,False,False,False,ok,pool_candidate
12364,Нейш3А-2018-1182,Крышка,Крышечки фарфоровой ручки шарообразной фр-т,Фарфор,"Д=1,5 см",Фрагмент,Современный строительный мусор,,,980,dataset/Нейш3А-2018-1182_orig.jpg,cu_data/dataset/Нейш3А-2018-1182_orig.jpg,True,Нейш3А-2018-1182,Нейш3А-2018-1182,Крышка,крышка,Фарфор,фарфор,Фрагмент,фрагмент,Крышка,крышка,False,False,False,False,ok,pool_candidate
12419,Нейш3А-2018-1284,Тарелка,Тарелки фаянсовой с синим цветочным орнаментом  внутри клейменой профиль,Фаянс,"5х4,5 см",Фрагмент,Темно-коричневая супесь,,,985,dataset/Нейш3А-2018-1284_orig.jpg,cu_data/dataset/Нейш3А-2018-1284_orig.jpg,True,Нейш3А-2018-1284,Нейш3А-2018-1284,Тарелка,тарелка,Фаянс,фаянс,Фрагмент,фрагмент,Тарелка,тарелка,False,False,False,False,ok,pool_candidate
12518,Нейш3А-2018-1533,Изразец,Изразца печного красноглиняного торца фр-т,Керамика,"9+х4,5+х2 см",Фрагмент,Темно-коричневая супесь,,,997,dataset/Нейш3А-2018-1533_orig.jpg,cu_data/dataset/Нейш3А-2018-1533_orig.jpg,True,Нейш3А-2018-1533,Нейш3А-2018-1533,Изразец,изразец,Керамика,керамика,Фрагмент,фрагмент,Изразец,изразец,False,False,False,False,ok,pool_candidate
12722,Нейш3А-2018-1913,Тарелка,Тарелки фаянсовой глубокой с зеленой поливой по венчику внутри клейменой профиль,Фарфор,"д=8,5+ см",Фрагмент,Современный строительный мусор,,,1009,dataset/Нейш3А-2018-1913_orig.jpg,cu_data/dataset/Нейш3А-2018-1913_orig.jpg,True,Нейш3А-2018-1913,Нейш3А-2018-1913,Тарелка,тарелка,Фарфор,фарфор,Фрагмент,фрагмент,Тарелка,тарелка,False,False,False,False,ok,pool_candidate
12798,Нейш3А-2018-2047,Крышка,Крышки красноглиняной с темно-коричневой поливой снаружи и белой внутри полусферической формы профиль,Керамика,Д=10+ см,Фрагмент,Современный строительный мусор,,,1013,dataset/Нейш3А-2018-2047_orig.jpg,cu_data/dataset/Нейш3А-2018-2047_orig.jpg,True,Нейш3А-2018-2047,Нейш3А-2018-2047,Крышка,крышка,Керамика,керамика,Фрагмент,фрагмент,Крышка,крышка,False,False,False,False,ok,pool_candidate
12839,Нейш3А-2018-2170,Тарелка,Тарелки фаянсовой клейменой донца фр-т,Фаянс,д=8+ см,Фрагмент,Темно-коричневая супесь,,,1019,dataset/Нейш3А-2018-2170_orig.jpg,cu_data/dataset/Нейш3А-2018-2170_orig.jpg,True,Нейш3А-2018-2170,Нейш3А-2018-2170,Тарелка,тарелка,Фаянс,фаянс,Фрагмент,фрагмент,Тарелка,тарелка,False,False,False,False,ok,pool_candidate
12979,Нейш3А-2018-2476,Крышка,Крышки белоглиняной с желтой поливой снаружи и внутри полусферической формы венчика фр-т,Керамика,Д=7+ см,Фрагмент,Строительный мусор с битым кирпичом,,,1028,dataset/Нейш3А-2018-2476_orig.jpg,cu_data/dataset/Нейш3А-2018-2476_orig.jpg,True,Нейш3А-2018-2476,Нейш3А-2018-2476,Крышка,крышка,Керамика,керамика,Фрагмент,фрагмент,Крышка,крышка,False,False,False,False,ok,pool_candidate
12989,Нейш3А-2018-2548,Крышка,"Крышечка фарфоровая цилиндрической формы с синим линейным орнаментом, круглой ручкой в центре и отверстием под слив",Фарфор,"Д=5,2 h=2 см",Целый,Строительный мусор,,,1030,dataset/Нейш3А-2018-2548_orig.jpg,cu_data/dataset/Нейш3А-2018-2548_orig.jpg,True,Нейш3А-2018-2548,Нейш3А-2018-2548,Крышка,крышка,Фарфор,фарфор,Целый,целый,Крышка,крышка,False,False,False,False,ok,pool_candidate
12991,Нейш3А-2018-2550,Крышка,Крышечка фарфоровая круглая плоская с круглой ручкой со сквозным круглым отверстием в центре и с золотистым линейным орнаментом,Фарфор,"Д=4,1 h=1,7 см",Целый,Строительный мусор,,,1032,dataset/Нейш3А-2018-2550_orig.jpg,cu_data/dataset/Нейш3А-2018-2550_orig.jpg,True,Нейш3А-2018-2550,Нейш3А-2018-2550,Крышка,крышка,Фарфор,фарфор,Целый,целый,Крышка,крышка,False,False,False,False,ok,pool_candidate
12996,Нейш3А-2018-2555,Крышка,"Крышечка фарфоровая круглая с полихромной пятнистой росписью (синий, розовый, желтый, золотистый) снаружи с круглой ручкой со сквозным отверстием в центре",Фарфор,"Д=4,4 h=2,3 см",Целый,Строительный мусор,,,1037,dataset/Нейш3А-2018-2555_orig.jpg,cu_data/dataset/Нейш3А-2018-2555_orig.jpg,True,Нейш3А-2018-2555,Нейш3А-2018-2555,Крышка,крышка,Фарфор,фарфор,Целый,целый,Крышка,крышка,False,False,False,False,ok,pool_candidate
13111,Нейш3А-2018-2921,Блюдце,Блюдца фарфорового с голубой каемкой внутри клейменого профиль,Фарфор,"Д=12,5 см",Фрагмент,Строительный мусор,,,1046,dataset/Нейш3А-2018-2921_orig.jpg,cu_data/dataset/Нейш3А-2018-2921_orig.jpg,True,Нейш3А-2018-2921,Нейш3А-2018-2921,Блюдце,блюдце,Фарфор,фарфор,Фрагмент,фрагмент,Блюдце,блюдце,False,False,False,False,ok,pool_candidate
13115,Нейш3А-2018-2925,Блюдце,Блюдца фарфорового донца клейменого фр-т,Фарфор,д=4+ см,Фрагмент,Строительный мусор,,,1047,dataset/Нейш3А-2018-2925_orig.jpg,cu_data/dataset/Нейш3А-2018-2925_orig.jpg,True,Нейш3А-2018-2925,Нейш3А-2018-2925,Блюдце,блюдце,Фарфор,фарфор,Фрагмент,фрагмент,Блюдце,блюдце,False,False,False,False,ok,pool_candidate
13116,Нейш3А-2018-2926,Блюдце,"Блюдца фарфорового с бордовой отводкой края и цветочным орнаментом (розовый, желтый, зеленый, серый) внутри профиль",Фарфор,"Д=4,5+ см",Фрагмент,Строительный мусор,,,1048,dataset/Нейш3А-2018-2926_orig.jpg,cu_data/dataset/Нейш3А-2018-2926_orig.jpg,True,Нейш3А-2018-2926,Нейш3А-2018-2926,Блюдце,блюдце,Фарфор,фарфор,Фрагмент,фрагмент,Блюдце,блюдце,False,False,False,False,ok,pool_candidate
13145,Нейш3А-2018-3050,Изразец,Изразец красноглиняный с белой поливой снаружи квадратный,Керамика,"15х14х5,3 см",Целый,Современный строительный мусор,,,1054,dataset/Нейш3А-2018-3050_orig.jpg,cu_data/dataset/Нейш3А-2018-3050_orig.jpg,True,Нейш3А-2018-3050,Нейш3А-2018-3050,Изразец,изразец,Керамика,керамика,Целый,целый,Изразец,изразец,False,False,False,False,ok,pool_candidate
13512,Нейш3А-2018-4085,Изразец,Изразец печной светлоглиняный белополивной клейменый,Глина,"10,5х5х21+ см",Целый,Современный строительный мусор,,,1063,dataset/Нейш3А-2018-4085_orig.jpg,cu_data/dataset/Нейш3А-2018-4085_orig.jpg,True,Нейш3А-2018-4085,Нейш3А-2018-4085,Изразец,изразец,Глина,глина,Целый,целый,Изразец,изразец,False,False,False,False,ok,pool_candidate
13631,Нейш3А-2018-4742,Блюдце,"Блюдца фарфорового с цветочным орнаментом (синий, черный, серый) внутри клейменого профиль",Фарфор,"Д=14,5 д=8,2 h=2,4 см",Фрагмент,Современный строительный мусор,,,1074,dataset/Нейш3А-2018-4742_orig.jpg,cu_data/dataset/Нейш3А-2018-4742_orig.jpg,True,Нейш3А-2018-4742,Нейш3А-2018-4742,Блюдце,блюдце,Фарфор,фарфор,Фрагмент,фрагмент,Блюдце,блюдце,False,False,False,False,ok,pool_candidate
13708,Нейш3А-2018-5229,Тарелка,"Тарелочки фаянсовой с цветочным орнаментом (розовый, зеленый) внутри клейменой профиль",Фаянс,"Д=13,5 д=8,5 h=2,5 см",Фрагмент,Современный строительный мусор,,,1098,dataset/Нейш3А-2018-5229_orig.jpg,cu_data/dataset/Нейш3А-2018-5229_orig.jpg,True,Нейш3А-2018-5229,Нейш3А-2018-5229,Тарелка,тарелка,Фаянс,фаянс,Фрагмент,фрагмент,Тарелка,тарелка,False,False,False,False,ok,pool_candidate
13747,Нейш3А-2018-5597,Блюдце,"Блюдца фаянсового с голубой поливой снаружи и с рельефным растительным орнаментом (голубой, зеленый, бордовый) внутри профиль",Фаянс,"Д=9+ д=5,7 h=3,7 см",Фрагмент,Строительный мусор с включением битого кирпича,,,1103,dataset/Нейш3А-2018-5597_orig.jpg,cu_data/dataset/Нейш3А-2018-5597_orig.jpg,True,Нейш3А-2018-5597,Нейш3А-2018-5597,Блюдце,блюдце,Фаянс,фаянс,Фрагмент,фрагмент,Блюдце,блюдце,False,False,False,False,ok,pool_candidate
13767,Нейш3А-2018-5706,Блюдце,"Блюдца фарфорового с золотистой и синей отводкой края и цветочным орнаментом (розовый, желтый, зеленый) внутри профиль",Фарфор,"Д=14+ д=7,5+ h=3 см",Фрагмент,Современный строительный мусор,,,1108,dataset/Нейш3А-2018-5706_orig.jpg,cu_data/dataset/Нейш3А-2018-5706_orig.jpg,True,Нейш3А-2018-5706,Нейш3А-2018-5706,Блюдце,блюдце,Фарфор,фарфор,Фрагмент,фрагмент,Блюдце,блюдце,False,False,False,False,ok,pool_candidate
13774,Нейш3А-2018-5730,Крышка,Крышки белоглиняной с желтой поливой внутри и по венчику снаружи профиль,Керамика,"Д=27,5 h=10 см",Фрагмент,Строительный мусор с включением битого кирпича,,,1111,dataset/Нейш3А-2018-5730_orig.jpg,cu_data/dataset/Нейш3А-2018-5730_orig.jpg,True,Нейш3А-2018-5730,Нейш3А-2018-5730,Крышка,крышка,Керамика,керамика,Фрагмент,фрагмент,Крышка,крышка,False,False,False,False,ok,pool_candidate
13920,Нейш3А-2018-7127,Тарелка,"Тарелки светлоглиняной толстостенной с темно-зеленой поливой и рельефным растительным орнаментом снаружи (коричневый, черный) и темно-зеленой и коричневой поливой внутри венчика фр-т",Керамика,Д=21+ см,Фрагмент,Современный строительный мусор,,,1128,dataset/Нейш3А-2018-7127_orig.jpg,cu_data/dataset/Нейш3А-2018-7127_orig.jpg,True,Нейш3А-2018-7127,Нейш3А-2018-7127,Тарелка,тарелка,Керамика,керамика,Фрагмент,фрагмент,Тарелка,тарелка,False,False,False,False,ok,pool_candidate
13932,Нейш3А-2018-7207,Тарелка,Тарелки фаянсовой с синей пейзажной росписью внутри донца фр-т,Фаянс,"д=10,5+  см",Фрагмент,Темно-коричневая супесь,,,1133,dataset/Нейш3А-2018-7207_orig.jpg,cu_data/dataset/Нейш3А-2018-7207_orig.jpg,True,Нейш3А-2018-7207,Нейш3А-2018-7207,Тарелка,тарелка,Фаянс,фаянс,Фрагмент,фрагмент,Тарелка,тарелка,False,False,False,False,ok,pool_candidate
5392,Нц-102-1945,Плитка,Шлифовальная плита,Песчаник,"22,2+x14+x5 см",Целый,Светлый среднезернистый песок с галькой/ гориз.6,,,514,dataset/Нц-102-1945_orig.jpg,cu_data/dataset/Нц-102-1945_orig.jpg,True,Нц-102-1945,Нц-102-1945,Плитка,плитка,Песчаник,песчаник,Целый,целый,Плитка,плитка,False,False,False,False,ok,pool_candidate
5866,Нц-23-0561,Изразец,Изразца красноглиняного с белой поливой румпы фр-т,Глина,10+ х 4.5+ х 5 см,Фрагмент,,,,520,dataset/Нц-23-0561_orig.jpg,cu_data/dataset/Нц-23-0561_orig.jpg,True,Нц-23-0561,Нц-23-0561,Изразец,изразец,Глина,глина,Фрагмент,фрагмент,Изразец,изразец,False,False,False,False,ok,pool_candidate
6241,Нц-24-130,Миска,Сосуда (миска) красноглиняного с желтовато-зеленой и коричневой поливой внутри венчика фр-т,Керамика,D25 см,Фрагмент,Серая мешаная супесь/ гориз.3,,,534,dataset/Нц-24-130_orig.jpg,cu_data/dataset/Нц-24-130_orig.jpg,True,Нц-24-130,Нц-24-130,Миска,миска,Керамика,керамика,Фрагмент,фрагмент,Миска,миска,False,False,False,False,ok,pool_candidate
6453,Нц-25-0652,Изразец,Изразца красноглиняного с бело-зеленой поливой фр-т,Керамика,,Фрагмент,Супесь серо-желтая/ гориз.2,,,539,dataset/Нц-25-0652_orig.jpg,cu_data/dataset/Нц-25-0652_orig.jpg,True,Нц-25-0652,Нц-25-0652,Изразец,изразец,Керамика,керамика,Фрагмент,фрагмент,Изразец,изразец,False,False,False,False,ok,pool_candidate
6530,Нц-26-027,Изразец,Изразца красноглиняного фрагмент,Глина,9 х 7 х 1 см,Фрагмент,Техногенный / горизонт 2,,,543,dataset/Нц-26-027_orig.jpg,cu_data/dataset/Нц-26-027_orig.jpg,True,Нц-26-027,Нц-26-027,Изразец,изразец,Глина,глина,Фрагмент,фрагмент,Изразец,изразец,False,False,False,False,ok,pool_candidate
6882,Нц-27-591,Изразец,Изразца красноглиняного с темно-серебристой поливой и орнаментом фр-т,Керамика,11+ x 4.7+ x 6.3 см,Фрагмент,Серо-желтая супесь/ гориз.3,,,549,dataset/Нц-27-591_orig.jpg,cu_data/dataset/Нц-27-591_orig.jpg,True,Нц-27-591,Нц-27-591,Изразец,изразец,Керамика,керамика,Фрагмент,фрагмент,Изразец,изразец,False,False,False,False,ok,pool_candidate
6958,Нц-29-17,Изразец,Изразца красноглиняного  с черной поливой и растительным орнаментом фр-т,Керамика,"11,6+х10,7+х6+ см",Фрагмент,Темная супесь/гориз.3,,,551,dataset/Нц-29-17_orig.jpg,cu_data/dataset/Нц-29-17_orig.jpg,True,Нц-29-17,Нц-29-17,Изразец,изразец,Керамика,керамика,Фрагмент,фрагмент,Изразец,изразец,False,False,False,False,ok,pool_candidate
7471,Нц-31-0593,Изразец,Изразца красноглиняного горшковидного фр-т,Керамика,"7,5х5,4х0,5 см",Фрагмент,Супесь светло-серая/ гориз.5,,,569,dataset/Нц-31-0593_orig.jpg,cu_data/dataset/Нц-31-0593_orig.jpg,True,Нц-31-0593,Нц-31-0593,Изразец,изразец,Керамика,керамика,Фрагмент,фрагмент,Изразец,изразец,False,False,False,False,ok,pool_candidate
7669,Нц-32-0136,Тарелка,Тарелки красноглиняной с желтой поливой внутри придонной части фр-т,Керамика,,Фрагмент,Дерновый слой/ гориз.5,,,582,dataset/Нц-32-0136_orig.jpg,cu_data/dataset/Нц-32-0136_orig.jpg,True,Нц-32-0136,Нц-32-0136,Тарелка,тарелка,Керамика,керамика,Фрагмент,фрагмент,Тарелка,тарелка,False,False,False,False,ok,pool_candidate
7781,Нц-32-0785,Миска,Миски красноглиняной с зеленой поливой снаружи и внутри профиля (с частью ручки) фр-т,Керамика,,Фрагмент,Темно-коричневая супесь/ гориз.3,,,588,dataset/Нц-32-0785_orig.jpg,cu_data/dataset/Нц-32-0785_orig.jpg,True,Нц-32-0785,Нц-32-0785,Миска,миска,Керамика,керамика,Фрагмент,фрагмент,Миска,миска,False,False,False,False,ok,pool_candidate
7793,Нц-32-0837,Изразец,Изразца красноглиняного с белой поливой снаружи фр-т,Керамика,13.9+ х 12+ 3.5 см,Фрагмент,Серая мешаная супесь/ гориз.4,,,589,dataset/Нц-32-0837_orig.jpg,cu_data/dataset/Нц-32-0837_orig.jpg,True,Нц-32-0837,Нц-32-0837,Изразец,изразец,Керамика,керамика,Фрагмент,фрагмент,Изразец,изразец,False,False,False,False,ok,pool_candidate
7794,Нц-32-0918,Изразец,Изразца красноглиняного румпы фр-т,Керамика,,Фрагмент,Серая мешаная супесь/ гориз.4,,,590,dataset/Нц-32-0918_orig.jpg,cu_data/dataset/Нц-32-0918_orig.jpg,True,Нц-32-0918,Нц-32-0918,Изразец,изразец,Керамика,керамика,Фрагмент,фрагмент,Изразец,изразец,False,False,False,False,ok,pool_candidate
7814,Нц-32-1037,Тарелка,Тарелки красноглиняной с зеленой росписью по желтой поливе внутри края фр-т,Керамика,,Фрагмент,Дерн/ гориз.6,,,594,dataset/Нц-32-1037_orig.jpg,cu_data/dataset/Нц-32-1037_orig.jpg,True,Нц-32-1037,Нц-32-1037,Тарелка,тарелка,Керамика,керамика,Фрагмент,фрагмент,Тарелка,тарелка,False,False,False,False,ok,pool_candidate
7829,Нц-33-0113,Блюдце,Блюдца фарфорового с зеленой монохромной росписью снаружи придонной части фр-т,Фарфор,D13.5 см,Фрагмент,Техноген/ гориз.1,,,598,dataset/Нц-33-0113_orig.jpg,cu_data/dataset/Нц-33-0113_orig.jpg,True,Нц-33-0113,Нц-33-0113,Блюдце,блюдце,Фарфор,фарфор,Фрагмент,фрагмент,Блюдце,блюдце,False,False,False,False,ok,pool_candidate
7878,Нц-33-0621,Тарелка,Тарелки фаянсовой с зеленым орнаментом края фр-т,Фаянс,,Фрагмент,Серая супесь/ гориз.3,,,604,dataset/Нц-33-0621_orig.jpg,cu_data/dataset/Нц-33-0621_orig.jpg,True,Нц-33-0621,Нц-33-0621,Тарелка,тарелка,Фаянс,фаянс,Фрагмент,фрагмент,Тарелка,тарелка,False,False,False,False,ok,pool_candidate
7888,Нц-33-0703,Тарелка,Тарелки фаянсовой края фр-т,Фаянс,,Фрагмент,Серая супесь/ гориз.3,,,605,dataset/Нц-33-0703_orig.jpg,cu_data/dataset/Нц-33-0703_orig.jpg,True,Нц-33-0703,Нц-33-0703,Тарелка,тарелка,Фаянс,фаянс,Фрагмент,фрагмент,Тарелка,тарелка,False,False,False,False,ok,pool_candidate
8017,Нц-33-2989,Тарелка,Тарелки фаянсовой с синей росписью стенки фр-т,Фаянс,,Фрагмент,"Дерн со щепой, заполнение ямы/ гориз.6",,,623,dataset/Нц-33-2989_orig.jpg,cu_data/dataset/Нц-33-2989_orig.jpg,True,Нц-33-2989,Нц-33-2989,Тарелка,тарелка,Фаянс,фаянс,Фрагмент,фрагмент,Тарелка,тарелка,False,False,False,False,ok,pool_candidate
8018,Нц-33-2990,Тарелка,Тарелки фаянсовой с синей росписью стенки фр-т,Фаянс,,Фрагмент,"Дерн со щепой, заполнение ямы/ гориз.6",,,624,dataset/Нц-33-2990_orig.jpg,cu_data/dataset/Нц-33-2990_orig.jpg,True,Нц-33-2990,Нц-33-2990,Тарелка,тарелка,Фаянс,фаянс,Фрагмент,фрагмент,Тарелка,тарелка,False,False,False,False,ok,pool_candidate
8170,Нц-33-5519,Тарелка,Тарелки красноглиняной со следами белой поливы снаружи и внутри профиля фр-т,Керамика,D14 см,Фрагмент,Серая супесь/ гориз.5,,,635,dataset/Нц-33-5519_orig.jpg,cu_data/dataset/Нц-33-5519_orig.jpg,True,Нц-33-5519,Нц-33-5519,Тарелка,тарелка,Керамика,керамика,Фрагмент,фрагмент,Тарелка,тарелка,False,False,False,False,ok,pool_candidate
8256,Нц-33-5749,Блюдце,Блюдца фарфорового края фр-т,Фарфор,D12 см,Фрагмент,Мешаная желтая супесь/ гориз.2,,,644,dataset/Нц-33-5749_orig.jpg,cu_data/dataset/Нц-33-5749_orig.jpg,True,Нц-33-5749,Нц-33-5749,Блюдце,блюдце,Фарфор,фарфор,Фрагмент,фрагмент,Блюдце,блюдце,False,False,False,False,ok,pool_candidate
8367,Нц-35-033,Тарелка,Тарелки фаянсовой с клеймом на донце придонной части фр-т,Фаянс, ,Фрагмент,Строительный мусор/ гориз. 2,,,655,dataset/Нц-35-033_orig.jpg,cu_data/dataset/Нц-35-033_orig.jpg,True,Нц-35-033,Нц-35-033,Тарелка,тарелка,Фаянс,фаянс,Фрагмент,фрагмент,Тарелка,тарелка,False,False,False,False,ok,pool_candidate
8596,Нц-36-274,Тарелка,Тарелки фаянсовой венчика фр-т,Фаянс,D26 см,Фрагмент,Древесная щепа/ гориз.3,,,662,dataset/Нц-36-274_orig.jpg,cu_data/dataset/Нц-36-274_orig.jpg,True,Нц-36-274,Нц-36-274,Тарелка,тарелка,Фаянс,фаянс,Фрагмент,фрагмент,Тарелка,тарелка,False,False,False,False,ok,pool_candidate
8637,Нц-36-503,Тарелка,Тарелки фаянсовой c синей цветочной росписью венчика фр-т,Фаянс,D23 см,Фрагмент,Древесная щепа/ гориз.1,,,666,dataset/Нц-36-503_orig.jpg,cu_data/dataset/Нц-36-503_orig.jpg,True,Нц-36-503,Нц-36-503,Тарелка,тарелка,Фаянс,фаянс,Фрагмент,фрагмент,Тарелка,тарелка,False,False,False,False,ok,pool_candidate
8771,Нц-37-0586,Изразец,Изразца красноглиняного с белой поливой фр-т,Керамика,,Фрагмент,Строительный мусор/ гориз.1.1,,,677,dataset/Нц-37-0586_orig.jpg,cu_data/dataset/Нц-37-0586_orig.jpg,True,Нц-37-0586,Нц-37-0586,Изразец,изразец,Керамика,керамика,Фрагмент,фрагмент,Изразец,изразец,False,False,False,False,ok,pool_candidate
8772,Нц-37-0587,Изразец,Изразца красноглиняного с белой поливой фр-т,Керамика,11+ х 6.7+ х 4.8+ см,Фрагмент,Строительный мусор/ гориз.1.1,,,678,dataset/Нц-37-0587_orig.jpg,cu_data/dataset/Нц-37-0587_orig.jpg,True,Нц-37-0587,Нц-37-0587,Изразец,изразец,Керамика,керамика,Фрагмент,фрагмент,Изразец,изразец,False,False,False,False,ok,pool_candidate
8783,Нц-37-0653,Изразец,Изразца красноглиняного с белой поливой фр-т,Керамика,12.5+ 9 х 5.8 см,Фрагмент,Строительный мусор/ гориз.1.1,,,682,dataset/Нц-37-0653_orig.jpg,cu_data/dataset/Нц-37-0653_orig.jpg,True,Нц-37-0653,Нц-37-0653,Изразец,изразец,Керамика,керамика,Фрагмент,фрагмент,Изразец,изразец,False,False,False,False,ok,pool_candidate
8786,Нц-37-0656,Изразец,Изразец красноглиняный с белой поливой,Керамика,27.5 х 18 х 5.8 см,Целый,Строительный мусор/ гориз.1.1,,,685,dataset/Нц-37-0656_orig.jpg,cu_data/dataset/Нц-37-0656_orig.jpg,True,Нц-37-0656,Нц-37-0656,Изразец,изразец,Керамика,керамика,Целый,целый,Изразец,изразец,False,False,False,False,ok,pool_candidate
8918,Нц-38-09,Изразец,Изразца красноглиняного румпы фр-т,Керамика,D9 см,Фрагмент,Супесь желтая/ гориз.2,,,690,dataset/Нц-38-09_orig.jpg,cu_data/dataset/Нц-38-09_orig.jpg,True,Нц-38-09,Нц-38-09,Изразец,изразец,Керамика,керамика,Фрагмент,фрагмент,Изразец,изразец,False,False,False,False,ok,pool_candidate
8978,Нц-40-067,Тарелка,Тарелки красноглиняной с бело-зеленой росписью по коричневой поливе внутри края фр-т,Керамика,D27 см,Фрагмент,Техноген/ гориз.1,,,691,dataset/Нц-40-067_orig.jpg,cu_data/dataset/Нц-40-067_orig.jpg,True,Нц-40-067,Нц-40-067,Тарелка,тарелка,Керамика,керамика,Фрагмент,фрагмент,Тарелка,тарелка,False,False,False,False,ok,pool_candidate
9950,Нц-44-1035,Тарелка,Тарелки фаянсовой края с рельефным орнаментом по краю фр-т,Фаянс,D23 см,Фрагмент,Щепа/ гориз.3,,,712,dataset/Нц-44-1035_orig.jpg,cu_data/dataset/Нц-44-1035_orig.jpg,True,Нц-44-1035,Нц-44-1035,Тарелка,тарелка,Фаянс,фаянс,Фрагмент,фрагмент,Тарелка,тарелка,False,False,False,False,ok,pool_candidate
9969,Нц-44-1075,Тарелка,Тарелки фаянсовой венчика фр-т,Фаянс,D32 см,Фрагмент,Щепа/ гориз.3,,,713,dataset/Нц-44-1075_orig.jpg,cu_data/dataset/Нц-44-1075_orig.jpg,True,Нц-44-1075,Нц-44-1075,Тарелка,тарелка,Фаянс,фаянс,Фрагмент,фрагмент,Тарелка,тарелка,False,False,False,False,ok,pool_candidate
10145,Нц-45-0070,Изразец,Изразца красноглиняного с белой поливой румпы фр-т,Керамика,"11,9+ x 7,6+ x 4,6 см",Фрагмент,Шлак/ гориз.6,,,730,dataset/Нц-45-0070_orig.jpg,cu_data/dataset/Нц-45-0070_orig.jpg,True,Нц-45-0070,Нц-45-0070,Изразец,изразец,Керамика,керамика,Фрагмент,фрагмент,Изразец,изразец,False,False,False,False,ok,pool_candidate
10159,Нц-45-0121,Тарелка,Тарелки фарфоровой стенки фр-т,Фарфор,,Фрагмент,Шлак/ гориз.6,,,733,dataset/Нц-45-0121_orig.jpg,cu_data/dataset/Нц-45-0121_orig.jpg,True,Нц-45-0121,Нц-45-0121,Тарелка,тарелка,Фарфор,фарфор,Фрагмент,фрагмент,Тарелка,тарелка,False,False,False,False,ok,pool_candidate
10164,Нц-45-0160,Изразец,Изразца красноглиняного румпы фр-т,Керамика,,Фрагмент,Шлак/ гориз.6,,,734,dataset/Нц-45-0160_orig.jpg,cu_data/dataset/Нц-45-0160_orig.jpg,True,Нц-45-0160,Нц-45-0160,Изразец,изразец,Керамика,керамика,Фрагмент,фрагмент,Изразец,изразец,False,False,False,False,ok,pool_candidate
10180,Нц-45-0273,Тарелка,Тарелки фаянсовой венчика фр-т,Фаянс,D24 см,Фрагмент,Шлак/ гориз.6,,,741,dataset/Нц-45-0273_orig.jpg,cu_data/dataset/Нц-45-0273_orig.jpg,True,Нц-45-0273,Нц-45-0273,Тарелка,тарелка,Фаянс,фаянс,Фрагмент,фрагмент,Тарелка,тарелка,False,False,False,False,ok,pool_candidate
10213,Нц-45-0391,Тарелка,Тарелки фаянсовой с золотистой росписью внутри венчика фр-т,Фаянс,D22 см,Фрагмент,Битый кирпич/ гориз.9,,,748,dataset/Нц-45-0391_orig.jpg,cu_data/dataset/Нц-45-0391_orig.jpg,True,Нц-45-0391,Нц-45-0391,Тарелка,тарелка,Фаянс,фаянс,Фрагмент,фрагмент,Тарелка,тарелка,False,False,False,False,ok,pool_candidate
10223,Нц-45-0416,Тарелка,Тарелки красноглиняной со следами зеленой поливой снаружи и с полихромной поливой внутри венчика фр-т,Керамика,D18 см,Фрагмент,Шлак/ гориз.6,,,753,dataset/Нц-45-0416_orig.jpg,cu_data/dataset/Нц-45-0416_orig.jpg,True,Нц-45-0416,Нц-45-0416,Тарелка,тарелка,Керамика,керамика,Фрагмент,фрагмент,Тарелка,тарелка,False,False,False,False,ok,pool_candidate
10338,Нц-45-1035,Изразец,Изразца красноглиняного со следами темной поливы румпы фр-т,Керамика,,Фрагмент,Шлак/ гориз.6,,,779,dataset/Нц-45-1035_orig.jpg,cu_data/dataset/Нц-45-1035_orig.jpg,True,Нц-45-1035,Нц-45-1035,Изразец,изразец,Керамика,керамика,Фрагмент,фрагмент,Изразец,изразец,False,False,False,False,ok,pool_candidate
10387,Нц-45-1233,Изразец,Изразец красноглиняный орнаментированный,Керамика,"24,9 x 9,8 x 7,6 см",Целый,Шлак/ гориз.6,,,783,dataset/Нц-45-1233_orig.jpg,cu_data/dataset/Нц-45-1233_orig.jpg,True,Нц-45-1233,Нц-45-1233,Изразец,изразец,Керамика,керамика,Целый,целый,Изразец,изразец,False,False,False,False,ok,pool_candidate
10389,Нц-45-1236,Изразец,Изразца красноглинянного орнаментированного фр-т,Керамика,"9,4+ x 13,2 x 8,9 см",Фрагмент,Шлак/ гориз.6,,,784,dataset/Нц-45-1236_orig.jpg,cu_data/dataset/Нц-45-1236_orig.jpg,True,Нц-45-1236,Нц-45-1236,Изразец,изразец,Керамика,керамика,Фрагмент,фрагмент,Изразец,изразец,False,False,False,False,ok,pool_candidate
10395,Нц-45-1243,Изразец,Изразца красноглиняного орнаментированного с фр-т,Керамика,"10+ x 11 x 6,6 см",Фрагмент,Щепа/ гориз.7,,,787,dataset/Нц-45-1243_orig.jpg,cu_data/dataset/Нц-45-1243_orig.jpg,True,Нц-45-1243,Нц-45-1243,Изразец,изразец,Керамика,керамика,Фрагмент,фрагмент,Изразец,изразец,False,False,False,False,ok,pool_candidate
10433,Нц-45-1288,Изразец,Изразец красноглиняный с белой поливой,Керамика,"16,2 x 10,7 x 6 см",Целый,Шлак/ гориз.6,,,793,dataset/Нц-45-1288_orig.jpg,cu_data/dataset/Нц-45-1288_orig.jpg,True,Нц-45-1288,Нц-45-1288,Изразец,изразец,Керамика,керамика,Целый,целый,Изразец,изразец,False,False,False,False,ok,pool_candidate
10555,Нц-45-1466,Изразец,Изразца красноглиняного со следами темной поливы фр-т,Керамика,,Фрагмент,Слой разрушения/ гориз.12,,,805,dataset/Нц-45-1466_orig.jpg,cu_data/dataset/Нц-45-1466_orig.jpg,True,Нц-45-1466,Нц-45-1466,Изразец,изразец,Керамика,керамика,Фрагмент,фрагмент,Изразец,изразец,False,False,False,False,ok,pool_candidate
10556,Нц-45-1467,Изразец,Изразца красноглиняного с темной поливой и с рельефным орнаментом фр-т,Керамика,"7,2+ x 8,5+ x 3,2+ см",Фрагмент,Слой разрушения/ гориз.12,,,806,dataset/Нц-45-1467_orig.jpg,cu_data/dataset/Нц-45-1467_orig.jpg,True,Нц-45-1467,Нц-45-1467,Изразец,изразец,Керамика,керамика,Фрагмент,фрагмент,Изразец,изразец,False,False,False,False,ok,pool_candidate
10601,Нц-45-1537,Изразец,Изразца красноглиняного с темной перламутровой поливой и рельефным орнаментом фр-т,Керамика,"7,9+ x 2,6+ x 3,8 см",Фрагмент,Светло-серая супесь с включением дерна/ гориз.10,,,810,dataset/Нц-45-1537_orig.jpg,cu_data/dataset/Нц-45-1537_orig.jpg,True,Нц-45-1537,Нц-45-1537,Изразец,изразец,Керамика,керамика,Фрагмент,фрагмент,Изразец,изразец,False,False,False,False,ok,pool_candidate
10618,Нц-45-1564,Миска,Миски  красноглиняного со следами темной поливы с белой росписью внутри венчика фр-т,Керамика,D29 см,Фрагмент,Светло-серая супесь с включением дерна/ гориз.10,,,812,dataset/Нц-45-1564_orig.jpg,cu_data/dataset/Нц-45-1564_orig.jpg,True,Нц-45-1564,Нц-45-1564,Миска,миска,Керамика,керамика,Фрагмент,фрагмент,Миска,миска,False,False,False,False,ok,pool_candidate
10732,Нц-46-162,Тарелка,Тарелки фаянсовой с синей росписью по белой поливе внутри и белой поливой снаружи края фр-т,Фаянс,D16 см,Фрагмент,Шлак,,,820,dataset/Нц-46-162_orig.jpg,cu_data/dataset/Нц-46-162_orig.jpg,True,Нц-46-162,Нц-46-162,Тарелка,тарелка,Фаянс,фаянс,Фрагмент,фрагмент,Тарелка,тарелка,False,False,False,False,ok,pool_candidate
10745,Нц-46-193,Тарелка,Тарелки фаянсовой с белой поливой внутри и снаружи профиля фр-т,Фаянс,D25 см,Фрагмент,Шлак,,,822,dataset/Нц-46-193_orig.jpg,cu_data/dataset/Нц-46-193_orig.jpg,True,Нц-46-193,Нц-46-193,Тарелка,тарелка,Фаянс,фаянс,Фрагмент,фрагмент,Тарелка,тарелка,False,False,False,False,ok,pool_candidate
10757,Нц-46-230,Блюдце,Блюдца фарфорового с полихромной росписью внутри придонной части фр-т,Фарфор,D6 см,Фрагмент,Шлак,,,829,dataset/Нц-46-230_orig.jpg,cu_data/dataset/Нц-46-230_orig.jpg,True,Нц-46-230,Нц-46-230,Блюдце,блюдце,Фарфор,фарфор,Фрагмент,фрагмент,Блюдце,блюдце,False,False,False,False,ok,pool_candidate
10848,Нц-46-422,Блюдце,Блюдца фарфорового профиля клейменного фр-т (красное надглазурное клеймо «Т-ва  М.С. Кузнецова» Р.Ф.),Фарфор,"D7,4 см",Фрагмент,Шлак,,,843,dataset/Нц-46-422_orig.jpg,cu_data/dataset/Нц-46-422_orig.jpg,True,Нц-46-422,Нц-46-422,Блюдце,блюдце,Фарфор,фарфор,Фрагмент,фрагмент,Блюдце,блюдце,False,False,False,False,ok,pool_candidate
10898,Нц-46-593,Тарелка,Тарелки фаянсовой с зеленой росписью по белой поливе внутри и белой поливой снаружи профиля фр-т,Фаянс,"9,5+ х 6+ х 0,3 см",Фрагмент,Шлак,,,848,dataset/Нц-46-593_orig.jpg,cu_data/dataset/Нц-46-593_orig.jpg,True,Нц-46-593,Нц-46-593,Тарелка,тарелка,Фаянс,фаянс,Фрагмент,фрагмент,Тарелка,тарелка,False,False,False,False,ok,pool_candidate
10910,Нц-46-727,Тарелка,Тарелки фаянсовой с полихромной росписью края по белой поливе внутри и с белой поливой снаружи края рельефного фр-т,Фаянс,"10+ х 5,5+ см",Фрагмент,Шлак,,,849,dataset/Нц-46-727_orig.jpg,cu_data/dataset/Нц-46-727_orig.jpg,True,Нц-46-727,Нц-46-727,Тарелка,тарелка,Фаянс,фаянс,Фрагмент,фрагмент,Тарелка,тарелка,False,False,False,False,ok,pool_candidate
10981,Нц-47-324,Изразец,Изразца красноглиняного орнаментированного с черной поливой фр-т,Глина,,Фрагмент,,,,851,dataset/Нц-47-324_orig.jpg,cu_data/dataset/Нц-47-324_orig.jpg,True,Нц-47-324,Нц-47-324,Изразец,изразец,Глина,глина,Фрагмент,фрагмент,Изразец,изразец,False,False,False,False,ok,pool_candidate
11189,Нц-48-217,Миска,Миски  красноглиняной со сливом темно-серебристой поливой снаружи и внутри профиль,Керамика,D23 см,Фрагмент,"Темно-серая гумусированная супесь/ гориз.6, 7",,,858,dataset/Нц-48-217_orig.jpg,cu_data/dataset/Нц-48-217_orig.jpg,True,Нц-48-217,Нц-48-217,Миска,миска,Керамика,керамика,Фрагмент,фрагмент,Миска,миска,False,False,False,False,ok,pool_candidate
11353,Нц-49-074,Тарелка,Тарелки красноглиняной с ангобом снаружи и коричневой и желтой поливой внутри фр-т,Керамика,D16 см,Фрагмент,Строительный мусор/ гориз.1,,,870,dataset/Нц-49-074_orig.jpg,cu_data/dataset/Нц-49-074_orig.jpg,True,Нц-49-074,Нц-49-074,Тарелка,тарелка,Керамика,керамика,Фрагмент,фрагмент,Тарелка,тарелка,False,False,False,False,ok,pool_candidate
11388,Нц-49-166,Тарелка,Тарелки фаянсовой рельефной с желтой поливой фр-т,Фаянс,D15 см,Фрагмент,Щепа/ гориз.2,,,872,dataset/Нц-49-166_orig.jpg,cu_data/dataset/Нц-49-166_orig.jpg,True,Нц-49-166,Нц-49-166,Тарелка,тарелка,Фаянс,фаянс,Фрагмент,фрагмент,Тарелка,тарелка,False,False,False,False,ok,pool_candidate
11542,Нц-52-221,Изразец,Изразца красноглиняного орнаментированного с коричневой поливой фр-т,Керамика,18.6 х 18.6 х 6.2 см,Фрагмент,Строительный мусор/ гориз.1,,,881,dataset/Нц-52-221_orig.jpg,cu_data/dataset/Нц-52-221_orig.jpg,True,Нц-52-221,Нц-52-221,Изразец,изразец,Керамика,керамика,Фрагмент,фрагмент,Изразец,изразец,False,False,False,False,ok,pool_candidate
11619,Нц-52-514,Изразец,Изразца красноглиняного с голубым орнаментом по белой поливе фр-т,Керамика,27.8 х 11.6 х 5 см,Фрагмент,Строительный мусор/ гориз.1,,,887,dataset/Нц-52-514_orig.jpg,cu_data/dataset/Нц-52-514_orig.jpg,True,Нц-52-514,Нц-52-514,Изразец,изразец,Керамика,керамика,Фрагмент,фрагмент,Изразец,изразец,False,False,False,False,ok,pool_candidate
11672,Нц-53-067,Изразец,Изразца красноглиняного рамочного с коричневой поливой снаружи угловой части с румпой фр-т ,Керамика,"6,5+ х 4+ см",Фрагмент,Супесь светло-серая/ гориз.3,,,890,dataset/Нц-53-067_orig.jpg,cu_data/dataset/Нц-53-067_orig.jpg,True,Нц-53-067,Нц-53-067,Изразец,изразец,Керамика,керамика,Фрагмент,фрагмент,Изразец,изразец,False,False,False,False,ok,pool_candidate
11718,Нц-53-349,Тарелка,Тарелки фаянсовой с рисунком и порнаментом по краю профиль ,Фаянс,D9 см,Фрагмент,Строительный мусор/ гориз.2,,,891,dataset/Нц-53-349_orig.jpg,cu_data/dataset/Нц-53-349_orig.jpg,True,Нц-53-349,Нц-53-349,Тарелка,тарелка,Фаянс,фаянс,Фрагмент,фрагмент,Тарелка,тарелка,False,False,False,False,ok,pool_candidate
