Unnamed: 0,code,name,description,material,size,fragm,cultlayer,execorg,survyear,row_id,image_file,image_abs,image_exists,artifact_id,group_key,name_raw,name_norm,material_raw,material_norm,fragm_raw,fragm_norm,raw_label,norm_label,label_is_missing,label_is_uncertain,group_has_conflict,is_very_rare,quality_flag,split,layout_mode,foreground_ratio,bg_type,has_scale_bar,has_overlay_text,material_group,group_size,label_proxy
1289,БП12-Г01-0956,Миска,Миски красноглиняной профиль,Красноглиняная керамика,"Д15-13; высота 2,3 см",Фрагмент,Горизонт 1/ темный гумусированный суглинок с кирпичной крошкой,,,157,dataset/БП12-Г01-0956_orig.jpg,cu_data/dataset/БП12-Г01-0956_orig.jpg,True,БП12-Г01-0956,БП12-Г01-0956,Миска,миска,Красноглиняная керамика,керамика,Фрагмент,фрагмент,Миска,миска,False,False,False,False,ok,pool_candidate,multi-view,0.31109,white,False,False,керамика,1,миска
1421,БП12-Г01-2476,Тарелка,Тарелки фаянсовой с рельефным краем и кобальтовой росписью профиль с клеймом,Фаянс,Д25-14 см,Фрагмент,Горизонт 1/ мешаный гумусированный суглинок с кирпичной крошкой,,,170,dataset/БП12-Г01-2476_orig.jpg,cu_data/dataset/БП12-Г01-2476_orig.jpg,True,БП12-Г01-2476,БП12-Г01-2476,Тарелка,тарелка,Фаянс,фаянс,Фрагмент,фрагмент,Тарелка,тарелка,False,False,False,False,ok,pool_candidate,multi-view,0.351708,white,False,True,фарфор_фаянс,1,тарелка
1502,БП12-Г01-3461,Крышка,Сосуда красноглиняного крышки с коричневой поливой внутри и снаружи края фр-т,Красноглиняная керамика,,Фрагмент,Горизонт 1/ Темный гумусированный суглинок с кирпичной крошкой,,,177,dataset/БП12-Г01-3461_orig.jpg,cu_data/dataset/БП12-Г01-3461_orig.jpg,True,БП12-Г01-3461,БП12-Г01-3461,Крышка,крышка,Красноглиняная керамика,керамика,Фрагмент,фрагмент,Крышка,крышка,False,False,False,False,ok,pool_candidate,multi-view,0.207238,white,True,True,керамика,1,крышка
1503,БП12-Г01-3462,Блюдце,Блюдца фаянсового с росписью профиль,Фаянс,Д17-10 см,Фрагмент,Горизонт 1/ Темный гумусированный суглинок с кирпичной крошкой,,,178,dataset/БП12-Г01-3462_orig.jpg,cu_data/dataset/БП12-Г01-3462_orig.jpg,True,БП12-Г01-3462,БП12-Г01-3462,Блюдце,блюдце,Фаянс,фаянс,Фрагмент,фрагмент,Блюдце,блюдце,False,False,False,False,ok,pool_candidate,multi-view,0.332387,white,True,True,фарфор_фаянс,1,блюдце
1520,БП12-Г01-3577,Тарелка,Тарелки фаянсовой с клеймом донца фр-т,Фаянс,,Фрагмент,Горизонт 1/ темная гумусированная супесь со щепой и кирпичом,,,180,dataset/БП12-Г01-3577_orig.jpg,cu_data/dataset/БП12-Г01-3577_orig.jpg,True,БП12-Г01-3577,БП12-Г01-3577,Тарелка,тарелка,Фаянс,фаянс,Фрагмент,фрагмент,Тарелка,тарелка,False,False,False,False,ok,pool_candidate,multi-view,0.307181,white,False,True,фарфор_фаянс,1,тарелка
1622,БП12-Г01-5844,Тарелка,Тарелки фаянсовой с клеймом и инициалами донца фр-т,Фаянс,Д9 см,Фрагмент,Горизонт 1/ темная гумусированная супесь с включением строительного мусора,,,186,dataset/БП12-Г01-5844_orig.jpg,cu_data/dataset/БП12-Г01-5844_orig.jpg,True,БП12-Г01-5844,БП12-Г01-5844,Тарелка,тарелка,Фаянс,фаянс,Фрагмент,фрагмент,Тарелка,тарелка,False,False,False,False,ok,pool_candidate,multi-view,0.389415,white,False,False,фарфор_фаянс,1,тарелка
1687,БП12-Г01-6524,Блюдце,Блюдца фаянсового профиль,Фаянс,"Д14-7,5 см",Фрагмент,Горизонт 1/ гумусированный суглинок с кирпичной крошкой,,,196,dataset/БП12-Г01-6524_orig.jpg,cu_data/dataset/БП12-Г01-6524_orig.jpg,True,БП12-Г01-6524,БП12-Г01-6524,Блюдце,блюдце,Фаянс,фаянс,Фрагмент,фрагмент,Блюдце,блюдце,False,False,False,False,ok,pool_candidate,multi-view,0.415641,white,False,False,фарфор_фаянс,1,блюдце
1757,БП12-Г01-7262,Крышка,Сосуда фаянсового крышка фрагментированная,Фаянс,"Д7,5-5 см",Фрагмент,Горизонт 1/ гумусированный суглинок с кирпичной крошкой,,,210,dataset/БП12-Г01-7262_orig.jpg,cu_data/dataset/БП12-Г01-7262_orig.jpg,True,БП12-Г01-7262,БП12-Г01-7262,Крышка,крышка,Фаянс,фаянс,Фрагмент,фрагмент,Крышка,крышка,False,False,False,False,ok,pool_candidate,multi-view,0.314192,white,True,True,фарфор_фаянс,1,крышка
1763,БП12-Г01-7271,Миска,Миски деревянной профиль,Дерево,Д40 см,Фрагмент,Горизонт 1/ гумусированный суглинок с кирпичной крошкой,,,212,dataset/БП12-Г01-7271_orig.jpg,cu_data/dataset/БП12-Г01-7271_orig.jpg,True,БП12-Г01-7271,БП12-Г01-7271,Миска,миска,Дерево,дерево,Фрагмент,фрагмент,Миска,миска,False,False,False,False,ok,pool_candidate,multi-view,0.315377,white,False,False,органика_полимеры,1,миска
1765,БП12-Г01-7274,Крышка,Бочонка деревянного крышки со сквозным отверстием фр-т,Дерево,"Д15,5 см",Фрагмент,Горизонт 1/ гумусированный суглинок с кирпичной крошкой,,,213,dataset/БП12-Г01-7274_orig.jpg,cu_data/dataset/БП12-Г01-7274_orig.jpg,True,БП12-Г01-7274,БП12-Г01-7274,Крышка,крышка,Дерево,дерево,Фрагмент,фрагмент,Крышка,крышка,False,False,False,False,ok,pool_candidate,multi-view,0.489364,white,False,False,органика_полимеры,1,крышка
1771,БП12-Г01-7738,Тарелка,Тарелки красноглиняной с белым ангобом внутри и следами зеленой поливы внутри и снаружи профиль,Красноглиняная керамика,Д35-22 см,Фрагмент,Горизонт 1/ серая мешаная гумусированная супесь,,,214,dataset/БП12-Г01-7738_orig.jpg,cu_data/dataset/БП12-Г01-7738_orig.jpg,True,БП12-Г01-7738,БП12-Г01-7738,Тарелка,тарелка,Красноглиняная керамика,керамика,Фрагмент,фрагмент,Тарелка,тарелка,False,False,False,False,ok,pool_candidate,multi-view,0.360857,white,True,False,керамика,1,тарелка
1792,БП12-Г01-8799,Изразец,Изразца красноглиняного плоского орнаментированного фр-т,Керамика,,Фрагмент,Горизонт 1/ гумусированный суглинок с кирпичной крошкой,,,219,dataset/БП12-Г01-8799_orig.jpg,cu_data/dataset/БП12-Г01-8799_orig.jpg,True,БП12-Г01-8799,БП12-Г01-8799,Изразец,изразец,Керамика,керамика,Фрагмент,фрагмент,Изразец,изразец,False,False,False,False,ok,pool_candidate,multi-view,0.429557,white,False,True,керамика,1,изразец
1846,БП12-Г02-1735,Миска,Миски красноглиняной профиль,Красноглиняная керамика,Д15-13; высота 2  см,Фрагмент,Горизонт 2/ темная гумусированная супесь,,,223,dataset/БП12-Г02-1735_orig.jpg,cu_data/dataset/БП12-Г02-1735_orig.jpg,True,БП12-Г02-1735,БП12-Г02-1735,Миска,миска,Красноглиняная керамика,керамика,Фрагмент,фрагмент,Миска,миска,False,False,False,False,ok,pool_candidate,multi-view,0.300789,white,False,False,керамика,1,миска
1881,БП12-Г02-2581,Тарелка,Тарелки красноглиняной с коричневой поливой внутри и белой по слою белого ангоба снаружи и росписью зеленой поливой края фр-т,Красноглиняная керамика,Д32 см,Фрагмент,Горизонт 2/ темная гумусированная супесь,,,224,dataset/БП12-Г02-2581_orig.jpg,cu_data/dataset/БП12-Г02-2581_orig.jpg,True,БП12-Г02-2581,БП12-Г02-2581,Тарелка,тарелка,Красноглиняная керамика,керамика,Фрагмент,фрагмент,Тарелка,тарелка,False,False,False,False,ok,pool_candidate,multi-view,0.281626,white,False,False,керамика,1,тарелка
1889,БП12-Г02-2655,Плитка,Плитки светлоглиняной с белой поливой и с кобальтовой росписью фр-т,Керамика,"5,5х4,5х0,8 см",Фрагмент,Горизонт 2/ Темная гумусированная супесь,,,225,dataset/БП12-Г02-2655_orig.jpg,cu_data/dataset/БП12-Г02-2655_orig.jpg,True,БП12-Г02-2655,БП12-Г02-2655,Плитка,плитка,Керамика,керамика,Фрагмент,фрагмент,Плитка,плитка,False,False,False,False,ok,pool_candidate,single-fragment,0.296366,white,True,True,керамика,1,плитка
1990,БП12-Г02-3927,Крышка,Сосуда красноглиняного с нагарос внутри крышки профиль,Красноглиняная керамика,Д27 см,Фрагмент,Горизонт 2/ темная гумусированная супесь с кирпичной крошкой,,,233,dataset/БП12-Г02-3927_orig.jpg,cu_data/dataset/БП12-Г02-3927_orig.jpg,True,БП12-Г02-3927,БП12-Г02-3927,Крышка,крышка,Красноглиняная керамика,керамика,Фрагмент,фрагмент,Крышка,крышка,False,False,False,False,ok,pool_candidate,multi-view,0.308059,white,True,True,керамика,1,крышка
2056,БП12-Г02-4540,Блюдце,Блюдца фарфорового с росписью профиль,Фарфор,Д14-9; высота 3 см,Фрагмент,Горизонт 2/ Темный гумусированный суглинок с щепой и органикой,,,243,dataset/БП12-Г02-4540_orig.jpg,cu_data/dataset/БП12-Г02-4540_orig.jpg,True,БП12-Г02-4540,БП12-Г02-4540,Блюдце,блюдце,Фарфор,фарфор,Фрагмент,фрагмент,Блюдце,блюдце,False,False,False,False,ok,pool_candidate,multi-view,0.350858,white,False,False,фарфор_фаянс,1,блюдце
2085,БП12-Г02-4708,Крышка,Чайника фарфорового крышка фрагментированная,Фарфор,"Д5,5 см",Фрагмент,Горизонт 2/ Темная гумусированная супесь,,,244,dataset/БП12-Г02-4708_orig.jpg,cu_data/dataset/БП12-Г02-4708_orig.jpg,True,БП12-Г02-4708,БП12-Г02-4708,Крышка,крышка,Фарфор,фарфор,Фрагмент,фрагмент,Крышка,крышка,False,False,False,False,ok,pool_candidate,multi-view,0.261936,white,True,False,фарфор_фаянс,1,крышка
2233,БП12-Т01-8073,Блюдце,Блюдца фаянсового с полихромной росписью донца фр-т,Фаянс,Д6 см,Фрагмент,,,,256,dataset/БП12-Т01-8073_orig.jpg,cu_data/dataset/БП12-Т01-8073_orig.jpg,True,БП12-Т01-8073,БП12-Т01-8073,Блюдце,блюдце,Фаянс,фаянс,Фрагмент,фрагмент,Блюдце,блюдце,False,False,False,False,ok,pool_candidate,multi-view,0.325259,white,True,True,фарфор_фаянс,1,блюдце
959,Кроп-2013-252,Блюдце,"Блюдца фаянсового с белой поливой снаружи и внутри, с фиолетовым подглазурным декольным орнаментом и клеймом на донце профиля фр-т",Фаянс,"Двен=14; Ддон=7; выс=2,5 см",Фрагмент,,,2013.0,91,dataset/Кроп-2013-252_orig.jpg,cu_data/dataset/Кроп-2013-252_orig.jpg,True,Кроп-2013-252,Кроп-2013-252,Блюдце,блюдце,Фаянс,фаянс,Фрагмент,фрагмент,Блюдце,блюдце,False,False,False,False,ok,pool_candidate,multi-view,0.266389,white,False,False,фарфор_фаянс,1,блюдце
968,Кроп-2013-263,Блюдце,"Блюдце фарфоровое с растительным декольным орнаментом внутри, фрагментированное",Фарфор,"Двен=15; Ддон=9; выс=2,5 см",Фрагмент,,,2013.0,93,dataset/Кроп-2013-263_orig.jpg,cu_data/dataset/Кроп-2013-263_orig.jpg,True,Кроп-2013-263,Кроп-2013-263,Блюдце,блюдце,Фарфор,фарфор,Фрагмент,фрагмент,Блюдце,блюдце,False,False,False,False,ok,pool_candidate,multi-view,0.482729,white,False,True,фарфор_фаянс,1,блюдце
1020,Кроп-2013-421,Тарелка,Сосуда (тарелки ?) фаянсовой с белой поливой внутри и снаружи донца клейменого фр-т,Фаянс,Д=не определим,Фрагмент,,,2013.0,109,dataset/Кроп-2013-421_orig.jpg,cu_data/dataset/Кроп-2013-421_orig.jpg,True,Кроп-2013-421,Кроп-2013-421,Тарелка,тарелка,Фаянс,фаянс,Фрагмент,фрагмент,Тарелка,тарелка,False,True,False,False,uncertain_label,pool_candidate,multi-view,0.283817,white,True,False,фарфор_фаянс,1,тарелка
323,Мич11-ш01-029,Изразец,Изразца красноглиняного с белой поливой и кобальтовой росписью фр-т,Керамика,,Фрагмент,Сильногумусированная коричневая супесь с включениями битого кирпича,ИИМК РАН,2011.0,45,dataset/Мич11-ш01-029_orig.jpg,cu_data/dataset/Мич11-ш01-029_orig.jpg,True,Мич11-ш01-029,Мич11-ш01-029,Изразец,изразец,Керамика,керамика,Фрагмент,фрагмент,Изразец,изразец,False,False,False,False,ok,pool_candidate,multi-view,0.2176,white,False,True,керамика,1,изразец
1197,Нев11-Г04-182,Тарелка,Тарелки красноглиняной с прозрачной поливой и следами росписи венчика фр-т,Керамика,Д20 см,Фрагмент,Гориз.4,,2011.0,140,dataset/Нев11-Г04-182_orig.jpg,cu_data/dataset/Нев11-Г04-182_orig.jpg,True,Нев11-Г04-182,Нев11-Г04-182,Тарелка,тарелка,Керамика,керамика,Фрагмент,фрагмент,Тарелка,тарелка,False,False,False,False,ok,pool_candidate,multi-view,0.200842,white,True,False,керамика,1,тарелка
11800,Нейш3А-2018-0102,Крышка,Крышечки белого матового стекла круглой клейменой  профиль,Стекло,"Д=7,5 см",Фрагмент,Современный строительный мусор,,,894,dataset/Нейш3А-2018-0102_orig.jpg,cu_data/dataset/Нейш3А-2018-0102_orig.jpg,True,Нейш3А-2018-0102,Нейш3А-2018-0102,Крышка,крышка,Стекло,стекло,Фрагмент,фрагмент,Крышка,крышка,False,False,False,False,ok,pool_candidate,multi-view,0.310452,white,True,False,стекло,1,крышка
11804,Нейш3А-2018-0111,Тарелка,Тарелки фаянсовой с бордовым линейным орнаментом внутри профиль,Фаянс,"7,5х6,3 см",Фрагмент,Современный строительный мусор,,,897,dataset/Нейш3А-2018-0111_orig.jpg,cu_data/dataset/Нейш3А-2018-0111_orig.jpg,True,Нейш3А-2018-0111,Нейш3А-2018-0111,Тарелка,тарелка,Фаянс,фаянс,Фрагмент,фрагмент,Тарелка,тарелка,False,False,False,False,ok,pool_candidate,multi-view,0.344706,white,True,True,фарфор_фаянс,1,тарелка
11808,Нейш3А-2018-0118,Блюдце,Блюдца фарфорового клейменого донца фр-т,Фарфор,"7х4,2 см",Фрагмент,Современный строительный мусор,,,899,dataset/Нейш3А-2018-0118_orig.jpg,cu_data/dataset/Нейш3А-2018-0118_orig.jpg,True,Нейш3А-2018-0118,Нейш3А-2018-0118,Блюдце,блюдце,Фарфор,фарфор,Фрагмент,фрагмент,Блюдце,блюдце,False,False,False,False,ok,pool_candidate,multi-view,0.217984,white,True,True,фарфор_фаянс,1,блюдце
11832,Нейш3А-2018-0210,Блюдце,Блюдца прозрачного бесцветного стекла профиль,Стекло,Д=9 см,Фрагмент,Современный строительный мусор,,,904,dataset/Нейш3А-2018-0210_orig.jpg,cu_data/dataset/Нейш3А-2018-0210_orig.jpg,True,Нейш3А-2018-0210,Нейш3А-2018-0210,Блюдце,блюдце,Стекло,стекло,Фрагмент,фрагмент,Блюдце,блюдце,False,False,False,False,ok,pool_candidate,multi-view,0.446848,white,True,True,стекло,1,блюдце
11953,Нейш3А-2018-0499,Тарелка,Тарелки фаянсовой с волнообразными краями профиль,Фаянс,Д=15+ см,Фрагмент,Темно-коричневая супесь,,,925,dataset/Нейш3А-2018-0499_orig.jpg,cu_data/dataset/Нейш3А-2018-0499_orig.jpg,True,Нейш3А-2018-0499,Нейш3А-2018-0499,Тарелка,тарелка,Фаянс,фаянс,Фрагмент,фрагмент,Тарелка,тарелка,False,False,False,False,ok,pool_candidate,multi-view,0.337254,white,False,True,фарфор_фаянс,1,тарелка
12009,Нейш3А-2018-0629,Тарелка,Тарелки фаянсовой клейменой донца фр-т,Фаянс,"7,5х3,5 см",Фрагмент,Темно-коричневая супесь,,,930,dataset/Нейш3А-2018-0629_orig.jpg,cu_data/dataset/Нейш3А-2018-0629_orig.jpg,True,Нейш3А-2018-0629,Нейш3А-2018-0629,Тарелка,тарелка,Фаянс,фаянс,Фрагмент,фрагмент,Тарелка,тарелка,False,False,False,False,ok,pool_candidate,single-fragment,0.747921,mixed,True,False,фарфор_фаянс,1,тарелка
12094,Нейш3А-2018-0726,Блюдце,"Блюдца фарфорового с линейным орнаментом (золотистый, красный) клейменого внутри донца фр-т",Фарфор,"Д=8,2 см",Фрагмент,Строительный мусор с включением темно-коричневой супеси,,,933,dataset/Нейш3А-2018-0726_orig.jpg,cu_data/dataset/Нейш3А-2018-0726_orig.jpg,True,Нейш3А-2018-0726,Нейш3А-2018-0726,Блюдце,блюдце,Фарфор,фарфор,Фрагмент,фрагмент,Блюдце,блюдце,False,False,False,False,ok,pool_candidate,multi-view,0.293342,mixed,True,False,фарфор_фаянс,1,блюдце
12103,Нейш3А-2018-0737,Блюдце,"Блюдца фарфорового с геометрическим орнаментом внутри (синий, золотистый) профиль",Фарфор,"Д=9+ h=4,5 см",Фрагмент,Строительный мусор с включением темно-коричневой супеси,,,936,dataset/Нейш3А-2018-0737_orig.jpg,cu_data/dataset/Нейш3А-2018-0737_orig.jpg,True,Нейш3А-2018-0737,Нейш3А-2018-0737,Блюдце,блюдце,Фарфор,фарфор,Фрагмент,фрагмент,Блюдце,блюдце,False,False,False,False,ok,pool_candidate,single-fragment,0.503813,white,False,True,фарфор_фаянс,1,блюдце
12108,Нейш3А-2018-0742,Тарелка,Тарелки фаянсовой с голубой линией по центру донца с придонной частью фр-т,Фаянс,"д=12,5 см",Фрагмент,Строительный мусор с включением темно-коричневой супеси,,,940,dataset/Нейш3А-2018-0742_orig.jpg,cu_data/dataset/Нейш3А-2018-0742_orig.jpg,True,Нейш3А-2018-0742,Нейш3А-2018-0742,Тарелка,тарелка,Фаянс,фаянс,Фрагмент,фрагмент,Тарелка,тарелка,False,False,False,False,ok,pool_candidate,single-fragment,0.528831,white,False,False,фарфор_фаянс,1,тарелка
12183,Нейш3А-2018-0839,Блюдце,"Блюдца фарфорового с пятнистым и цветочным орнаментом внутри (синий, золотистый, зеленый, красный) профиль",Фарфор,"Д=9,5+  д=5,5+ см",Фрагмент,Строительный мусор с включением темно-коричневой супеси,,,953,dataset/Нейш3А-2018-0839_orig.jpg,cu_data/dataset/Нейш3А-2018-0839_orig.jpg,True,Нейш3А-2018-0839,Нейш3А-2018-0839,Блюдце,блюдце,Фарфор,фарфор,Фрагмент,фрагмент,Блюдце,блюдце,False,False,False,False,ok,pool_candidate,multi-view,0.295094,white,True,False,фарфор_фаянс,1,блюдце
12298,Нейш3А-2018-1042,Тарелка,Тарелки фаянсовой с синим растительным орнаментом в стиле деколь внутри клейменой профиль,Фаянс,"Д=20,5 д=11,5  см",Фрагмент,Строительный мусор с включением темно-коричневой супеси,,,972,dataset/Нейш3А-2018-1042_orig.jpg,cu_data/dataset/Нейш3А-2018-1042_orig.jpg,True,Нейш3А-2018-1042,Нейш3А-2018-1042,Тарелка,тарелка,Фаянс,фаянс,Фрагмент,фрагмент,Тарелка,тарелка,False,False,False,False,ok,pool_candidate,single-fragment,0.374222,white,False,True,фарфор_фаянс,1,тарелка
12359,Нейш3А-2018-1174,Крышка,"Сосуда фаянсового крышки с изображением креста на георгиевской ленточке (черный, желтый) фр-т",Фаянс,Д=9+ см,Фрагмент,Современный строительный мусор,,,977,dataset/Нейш3А-2018-1174_orig.jpg,cu_data/dataset/Нейш3А-2018-1174_orig.jpg,True,Нейш3А-2018-1174,Нейш3А-2018-1174,Крышка,крышка,Фаянс,фаянс,Фрагмент,фрагмент,Крышка,крышка,False,False,False,False,ok,pool_candidate,multi-view,0.240139,white,True,True,фарфор_фаянс,1,крышка
12361,Нейш3А-2018-1178,Тарелка,Тарелки белоглиняной с желтой поливой снаружи и внутри глубокой профиль,Керамика,Д=9+ см,Фрагмент,Современный строительный мусор,,,978,dataset/Нейш3А-2018-1178_orig.jpg,cu_data/dataset/Нейш3А-2018-1178_orig.jpg,True,Нейш3А-2018-1178,Нейш3А-2018-1178,Тарелка,тарелка,Керамика,керамика,Фрагмент,фрагмент,Тарелка,тарелка,False,False,False,False,ok,pool_candidate,multi-view,0.45843,white,False,True,керамика,1,тарелка
12364,Нейш3А-2018-1182,Крышка,Крышечки фарфоровой ручки шарообразной фр-т,Фарфор,"Д=1,5 см",Фрагмент,Современный строительный мусор,,,980,dataset/Нейш3А-2018-1182_orig.jpg,cu_data/dataset/Нейш3А-2018-1182_orig.jpg,True,Нейш3А-2018-1182,Нейш3А-2018-1182,Крышка,крышка,Фарфор,фарфор,Фрагмент,фрагмент,Крышка,крышка,False,False,False,False,ok,pool_candidate,multi-view,0.178359,white,True,False,фарфор_фаянс,1,крышка
12518,Нейш3А-2018-1533,Изразец,Изразца печного красноглиняного торца фр-т,Керамика,"9+х4,5+х2 см",Фрагмент,Темно-коричневая супесь,,,997,dataset/Нейш3А-2018-1533_orig.jpg,cu_data/dataset/Нейш3А-2018-1533_orig.jpg,True,Нейш3А-2018-1533,Нейш3А-2018-1533,Изразец,изразец,Керамика,керамика,Фрагмент,фрагмент,Изразец,изразец,False,False,False,False,ok,pool_candidate,single-fragment,0.420815,white,True,True,керамика,1,изразец
12722,Нейш3А-2018-1913,Тарелка,Тарелки фаянсовой глубокой с зеленой поливой по венчику внутри клейменой профиль,Фарфор,"д=8,5+ см",Фрагмент,Современный строительный мусор,,,1009,dataset/Нейш3А-2018-1913_orig.jpg,cu_data/dataset/Нейш3А-2018-1913_orig.jpg,True,Нейш3А-2018-1913,Нейш3А-2018-1913,Тарелка,тарелка,Фарфор,фарфор,Фрагмент,фрагмент,Тарелка,тарелка,False,False,False,False,ok,pool_candidate,multi-view,0.169239,white,False,False,фарфор_фаянс,1,тарелка
12798,Нейш3А-2018-2047,Крышка,Крышки красноглиняной с темно-коричневой поливой снаружи и белой внутри полусферической формы профиль,Керамика,Д=10+ см,Фрагмент,Современный строительный мусор,,,1013,dataset/Нейш3А-2018-2047_orig.jpg,cu_data/dataset/Нейш3А-2018-2047_orig.jpg,True,Нейш3А-2018-2047,Нейш3А-2018-2047,Крышка,крышка,Керамика,керамика,Фрагмент,фрагмент,Крышка,крышка,False,False,False,False,ok,pool_candidate,multi-view,0.256974,white,False,False,керамика,1,крышка
12979,Нейш3А-2018-2476,Крышка,Крышки белоглиняной с желтой поливой снаружи и внутри полусферической формы венчика фр-т,Керамика,Д=7+ см,Фрагмент,Строительный мусор с битым кирпичом,,,1028,dataset/Нейш3А-2018-2476_orig.jpg,cu_data/dataset/Нейш3А-2018-2476_orig.jpg,True,Нейш3А-2018-2476,Нейш3А-2018-2476,Крышка,крышка,Керамика,керамика,Фрагмент,фрагмент,Крышка,крышка,False,False,False,False,ok,pool_candidate,single-fragment,0.23837,white,False,False,керамика,1,крышка
12996,Нейш3А-2018-2555,Крышка,"Крышечка фарфоровая круглая с полихромной пятнистой росписью (синий, розовый, желтый, золотистый) снаружи с круглой ручкой со сквозным отверстием в центре",Фарфор,"Д=4,4 h=2,3 см",Целый,Строительный мусор,,,1037,dataset/Нейш3А-2018-2555_orig.jpg,cu_data/dataset/Нейш3А-2018-2555_orig.jpg,True,Нейш3А-2018-2555,Нейш3А-2018-2555,Крышка,крышка,Фарфор,фарфор,Целый,целый,Крышка,крышка,False,False,False,False,ok,pool_candidate,multi-view,0.273069,white,True,True,фарфор_фаянс,1,крышка
13115,Нейш3А-2018-2925,Блюдце,Блюдца фарфорового донца клейменого фр-т,Фарфор,д=4+ см,Фрагмент,Строительный мусор,,,1047,dataset/Нейш3А-2018-2925_orig.jpg,cu_data/dataset/Нейш3А-2018-2925_orig.jpg,True,Нейш3А-2018-2925,Нейш3А-2018-2925,Блюдце,блюдце,Фарфор,фарфор,Фрагмент,фрагмент,Блюдце,блюдце,False,False,False,False,ok,pool_candidate,multi-view,0.153187,white,True,False,фарфор_фаянс,1,блюдце
13116,Нейш3А-2018-2926,Блюдце,"Блюдца фарфорового с бордовой отводкой края и цветочным орнаментом (розовый, желтый, зеленый, серый) внутри профиль",Фарфор,"Д=4,5+ см",Фрагмент,Строительный мусор,,,1048,dataset/Нейш3А-2018-2926_orig.jpg,cu_data/dataset/Нейш3А-2018-2926_orig.jpg,True,Нейш3А-2018-2926,Нейш3А-2018-2926,Блюдце,блюдце,Фарфор,фарфор,Фрагмент,фрагмент,Блюдце,блюдце,False,False,False,False,ok,pool_candidate,single-fragment,0.16481,white,True,False,фарфор_фаянс,1,блюдце
13145,Нейш3А-2018-3050,Изразец,Изразец красноглиняный с белой поливой снаружи квадратный,Керамика,"15х14х5,3 см",Целый,Современный строительный мусор,,,1054,dataset/Нейш3А-2018-3050_orig.jpg,cu_data/dataset/Нейш3А-2018-3050_orig.jpg,True,Нейш3А-2018-3050,Нейш3А-2018-3050,Изразец,изразец,Керамика,керамика,Целый,целый,Изразец,изразец,False,False,False,False,ok,pool_candidate,multi-view,0.639792,white,True,False,керамика,1,изразец
13708,Нейш3А-2018-5229,Тарелка,"Тарелочки фаянсовой с цветочным орнаментом (розовый, зеленый) внутри клейменой профиль",Фаянс,"Д=13,5 д=8,5 h=2,5 см",Фрагмент,Современный строительный мусор,,,1098,dataset/Нейш3А-2018-5229_orig.jpg,cu_data/dataset/Нейш3А-2018-5229_orig.jpg,True,Нейш3А-2018-5229,Нейш3А-2018-5229,Тарелка,тарелка,Фаянс,фаянс,Фрагмент,фрагмент,Тарелка,тарелка,False,False,False,False,ok,pool_candidate,multi-view,0.426116,white,False,True,фарфор_фаянс,1,тарелка
13747,Нейш3А-2018-5597,Блюдце,"Блюдца фаянсового с голубой поливой снаружи и с рельефным растительным орнаментом (голубой, зеленый, бордовый) внутри профиль",Фаянс,"Д=9+ д=5,7 h=3,7 см",Фрагмент,Строительный мусор с включением битого кирпича,,,1103,dataset/Нейш3А-2018-5597_orig.jpg,cu_data/dataset/Нейш3А-2018-5597_orig.jpg,True,Нейш3А-2018-5597,Нейш3А-2018-5597,Блюдце,блюдце,Фаянс,фаянс,Фрагмент,фрагмент,Блюдце,блюдце,False,False,False,False,ok,pool_candidate,multi-view,0.30789,white,False,False,фарфор_фаянс,1,блюдце
13767,Нейш3А-2018-5706,Блюдце,"Блюдца фарфорового с золотистой и синей отводкой края и цветочным орнаментом (розовый, желтый, зеленый) внутри профиль",Фарфор,"Д=14+ д=7,5+ h=3 см",Фрагмент,Современный строительный мусор,,,1108,dataset/Нейш3А-2018-5706_orig.jpg,cu_data/dataset/Нейш3А-2018-5706_orig.jpg,True,Нейш3А-2018-5706,Нейш3А-2018-5706,Блюдце,блюдце,Фарфор,фарфор,Фрагмент,фрагмент,Блюдце,блюдце,False,False,False,False,ok,pool_candidate,single-fragment,0.281932,white,False,False,фарфор_фаянс,1,блюдце
13932,Нейш3А-2018-7207,Тарелка,Тарелки фаянсовой с синей пейзажной росписью внутри донца фр-т,Фаянс,"д=10,5+  см",Фрагмент,Темно-коричневая супесь,,,1133,dataset/Нейш3А-2018-7207_orig.jpg,cu_data/dataset/Нейш3А-2018-7207_orig.jpg,True,Нейш3А-2018-7207,Нейш3А-2018-7207,Тарелка,тарелка,Фаянс,фаянс,Фрагмент,фрагмент,Тарелка,тарелка,False,False,False,False,ok,pool_candidate,single-fragment,0.239812,white,True,False,фарфор_фаянс,1,тарелка
5392,Нц-102-1945,Плитка,Шлифовальная плита,Песчаник,"22,2+x14+x5 см",Целый,Светлый среднезернистый песок с галькой/ гориз.6,,,514,dataset/Нц-102-1945_orig.jpg,cu_data/dataset/Нц-102-1945_orig.jpg,True,Нц-102-1945,Нц-102-1945,Плитка,плитка,Песчаник,песчаник,Целый,целый,Плитка,плитка,False,False,False,False,ok,pool_candidate,multi-view,0.30926,white,False,False,камень_минералы,1,плитка
5866,Нц-23-0561,Изразец,Изразца красноглиняного с белой поливой румпы фр-т,Глина,10+ х 4.5+ х 5 см,Фрагмент,,,,520,dataset/Нц-23-0561_orig.jpg,cu_data/dataset/Нц-23-0561_orig.jpg,True,Нц-23-0561,Нц-23-0561,Изразец,изразец,Глина,глина,Фрагмент,фрагмент,Изразец,изразец,False,False,False,False,ok,pool_candidate,multi-view,0.145887,white,True,False,керамика,1,изразец
6241,Нц-24-130,Миска,Сосуда (миска) красноглиняного с желтовато-зеленой и коричневой поливой внутри венчика фр-т,Керамика,D25 см,Фрагмент,Серая мешаная супесь/ гориз.3,,,534,dataset/Нц-24-130_orig.jpg,cu_data/dataset/Нц-24-130_orig.jpg,True,Нц-24-130,Нц-24-130,Миска,миска,Керамика,керамика,Фрагмент,фрагмент,Миска,миска,False,False,False,False,ok,pool_candidate,multi-view,0.283831,white,True,False,керамика,1,миска
6453,Нц-25-0652,Изразец,Изразца красноглиняного с бело-зеленой поливой фр-т,Керамика,,Фрагмент,Супесь серо-желтая/ гориз.2,,,539,dataset/Нц-25-0652_orig.jpg,cu_data/dataset/Нц-25-0652_orig.jpg,True,Нц-25-0652,Нц-25-0652,Изразец,изразец,Керамика,керамика,Фрагмент,фрагмент,Изразец,изразец,False,False,False,False,ok,pool_candidate,multi-view,0.253738,white,True,False,керамика,1,изразец
6530,Нц-26-027,Изразец,Изразца красноглиняного фрагмент,Глина,9 х 7 х 1 см,Фрагмент,Техногенный / горизонт 2,,,543,dataset/Нц-26-027_orig.jpg,cu_data/dataset/Нц-26-027_orig.jpg,True,Нц-26-027,Нц-26-027,Изразец,изразец,Глина,глина,Фрагмент,фрагмент,Изразец,изразец,False,False,False,False,ok,pool_candidate,single-fragment,0.435531,white,True,True,керамика,1,изразец
6882,Нц-27-591,Изразец,Изразца красноглиняного с темно-серебристой поливой и орнаментом фр-т,Керамика,11+ x 4.7+ x 6.3 см,Фрагмент,Серо-желтая супесь/ гориз.3,,,549,dataset/Нц-27-591_orig.jpg,cu_data/dataset/Нц-27-591_orig.jpg,True,Нц-27-591,Нц-27-591,Изразец,изразец,Керамика,керамика,Фрагмент,фрагмент,Изразец,изразец,False,False,False,False,ok,pool_candidate,single-fragment,0.372524,white,True,False,керамика,1,изразец
6958,Нц-29-17,Изразец,Изразца красноглиняного  с черной поливой и растительным орнаментом фр-т,Керамика,"11,6+х10,7+х6+ см",Фрагмент,Темная супесь/гориз.3,,,551,dataset/Нц-29-17_orig.jpg,cu_data/dataset/Нц-29-17_orig.jpg,True,Нц-29-17,Нц-29-17,Изразец,изразец,Керамика,керамика,Фрагмент,фрагмент,Изразец,изразец,False,False,False,False,ok,pool_candidate,single-fragment,0.263901,white,False,False,керамика,1,изразец
7471,Нц-31-0593,Изразец,Изразца красноглиняного горшковидного фр-т,Керамика,"7,5х5,4х0,5 см",Фрагмент,Супесь светло-серая/ гориз.5,,,569,dataset/Нц-31-0593_orig.jpg,cu_data/dataset/Нц-31-0593_orig.jpg,True,Нц-31-0593,Нц-31-0593,Изразец,изразец,Керамика,керамика,Фрагмент,фрагмент,Изразец,изразец,False,False,False,False,ok,pool_candidate,single-fragment,0.287752,white,True,True,керамика,1,изразец
7669,Нц-32-0136,Тарелка,Тарелки красноглиняной с желтой поливой внутри придонной части фр-т,Керамика,,Фрагмент,Дерновый слой/ гориз.5,,,582,dataset/Нц-32-0136_orig.jpg,cu_data/dataset/Нц-32-0136_orig.jpg,True,Нц-32-0136,Нц-32-0136,Тарелка,тарелка,Керамика,керамика,Фрагмент,фрагмент,Тарелка,тарелка,False,False,False,False,ok,pool_candidate,single-fragment,0.178583,white,False,False,керамика,1,тарелка
7794,Нц-32-0918,Изразец,Изразца красноглиняного румпы фр-т,Керамика,,Фрагмент,Серая мешаная супесь/ гориз.4,,,590,dataset/Нц-32-0918_orig.jpg,cu_data/dataset/Нц-32-0918_orig.jpg,True,Нц-32-0918,Нц-32-0918,Изразец,изразец,Керамика,керамика,Фрагмент,фрагмент,Изразец,изразец,False,False,False,False,ok,pool_candidate,multi-view,0.177848,white,False,False,керамика,1,изразец
7814,Нц-32-1037,Тарелка,Тарелки красноглиняной с зеленой росписью по желтой поливе внутри края фр-т,Керамика,,Фрагмент,Дерн/ гориз.6,,,594,dataset/Нц-32-1037_orig.jpg,cu_data/dataset/Нц-32-1037_orig.jpg,True,Нц-32-1037,Нц-32-1037,Тарелка,тарелка,Керамика,керамика,Фрагмент,фрагмент,Тарелка,тарелка,False,False,False,False,ok,pool_candidate,single-fragment,0.407303,white,True,True,керамика,1,тарелка
7829,Нц-33-0113,Блюдце,Блюдца фарфорового с зеленой монохромной росписью снаружи придонной части фр-т,Фарфор,D13.5 см,Фрагмент,Техноген/ гориз.1,,,598,dataset/Нц-33-0113_orig.jpg,cu_data/dataset/Нц-33-0113_orig.jpg,True,Нц-33-0113,Нц-33-0113,Блюдце,блюдце,Фарфор,фарфор,Фрагмент,фрагмент,Блюдце,блюдце,False,False,False,False,ok,pool_candidate,multi-view,0.218696,white,True,False,фарфор_фаянс,1,блюдце
7878,Нц-33-0621,Тарелка,Тарелки фаянсовой с зеленым орнаментом края фр-т,Фаянс,,Фрагмент,Серая супесь/ гориз.3,,,604,dataset/Нц-33-0621_orig.jpg,cu_data/dataset/Нц-33-0621_orig.jpg,True,Нц-33-0621,Нц-33-0621,Тарелка,тарелка,Фаянс,фаянс,Фрагмент,фрагмент,Тарелка,тарелка,False,False,False,False,ok,pool_candidate,single-fragment,0.322134,white,False,False,фарфор_фаянс,1,тарелка
8017,Нц-33-2989,Тарелка,Тарелки фаянсовой с синей росписью стенки фр-т,Фаянс,,Фрагмент,"Дерн со щепой, заполнение ямы/ гориз.6",,,623,dataset/Нц-33-2989_orig.jpg,cu_data/dataset/Нц-33-2989_orig.jpg,True,Нц-33-2989,Нц-33-2989,Тарелка,тарелка,Фаянс,фаянс,Фрагмент,фрагмент,Тарелка,тарелка,False,False,False,False,ok,pool_candidate,single-fragment,0.194626,white,True,False,фарфор_фаянс,1,тарелка
8018,Нц-33-2990,Тарелка,Тарелки фаянсовой с синей росписью стенки фр-т,Фаянс,,Фрагмент,"Дерн со щепой, заполнение ямы/ гориз.6",,,624,dataset/Нц-33-2990_orig.jpg,cu_data/dataset/Нц-33-2990_orig.jpg,True,Нц-33-2990,Нц-33-2990,Тарелка,тарелка,Фаянс,фаянс,Фрагмент,фрагмент,Тарелка,тарелка,False,False,False,False,ok,pool_candidate,multi-view,0.052794,white,True,False,фарфор_фаянс,1,тарелка
8170,Нц-33-5519,Тарелка,Тарелки красноглиняной со следами белой поливы снаружи и внутри профиля фр-т,Керамика,D14 см,Фрагмент,Серая супесь/ гориз.5,,,635,dataset/Нц-33-5519_orig.jpg,cu_data/dataset/Нц-33-5519_orig.jpg,True,Нц-33-5519,Нц-33-5519,Тарелка,тарелка,Керамика,керамика,Фрагмент,фрагмент,Тарелка,тарелка,False,False,False,False,ok,pool_candidate,single-fragment,0.388404,white,True,True,керамика,1,тарелка
8256,Нц-33-5749,Блюдце,Блюдца фарфорового края фр-т,Фарфор,D12 см,Фрагмент,Мешаная желтая супесь/ гориз.2,,,644,dataset/Нц-33-5749_orig.jpg,cu_data/dataset/Нц-33-5749_orig.jpg,True,Нц-33-5749,Нц-33-5749,Блюдце,блюдце,Фарфор,фарфор,Фрагмент,фрагмент,Блюдце,блюдце,False,False,False,False,ok,pool_candidate,single-fragment,0.246095,white,True,False,фарфор_фаянс,1,блюдце
8367,Нц-35-033,Тарелка,Тарелки фаянсовой с клеймом на донце придонной части фр-т,Фаянс, ,Фрагмент,Строительный мусор/ гориз. 2,,,655,dataset/Нц-35-033_orig.jpg,cu_data/dataset/Нц-35-033_orig.jpg,True,Нц-35-033,Нц-35-033,Тарелка,тарелка,Фаянс,фаянс,Фрагмент,фрагмент,Тарелка,тарелка,False,False,False,False,ok,pool_candidate,multi-view,0.424628,white,False,False,фарфор_фаянс,1,тарелка
8596,Нц-36-274,Тарелка,Тарелки фаянсовой венчика фр-т,Фаянс,D26 см,Фрагмент,Древесная щепа/ гориз.3,,,662,dataset/Нц-36-274_orig.jpg,cu_data/dataset/Нц-36-274_orig.jpg,True,Нц-36-274,Нц-36-274,Тарелка,тарелка,Фаянс,фаянс,Фрагмент,фрагмент,Тарелка,тарелка,False,False,False,False,ok,pool_candidate,multi-view,0.190795,white,False,False,фарфор_фаянс,1,тарелка
8637,Нц-36-503,Тарелка,Тарелки фаянсовой c синей цветочной росписью венчика фр-т,Фаянс,D23 см,Фрагмент,Древесная щепа/ гориз.1,,,666,dataset/Нц-36-503_orig.jpg,cu_data/dataset/Нц-36-503_orig.jpg,True,Нц-36-503,Нц-36-503,Тарелка,тарелка,Фаянс,фаянс,Фрагмент,фрагмент,Тарелка,тарелка,False,False,False,False,ok,pool_candidate,multi-view,0.121874,white,True,False,фарфор_фаянс,1,тарелка
8771,Нц-37-0586,Изразец,Изразца красноглиняного с белой поливой фр-т,Керамика,,Фрагмент,Строительный мусор/ гориз.1.1,,,677,dataset/Нц-37-0586_orig.jpg,cu_data/dataset/Нц-37-0586_orig.jpg,True,Нц-37-0586,Нц-37-0586,Изразец,изразец,Керамика,керамика,Фрагмент,фрагмент,Изразец,изразец,False,False,False,False,ok,pool_candidate,multi-view,0.367493,white,False,True,керамика,1,изразец
8772,Нц-37-0587,Изразец,Изразца красноглиняного с белой поливой фр-т,Керамика,11+ х 6.7+ х 4.8+ см,Фрагмент,Строительный мусор/ гориз.1.1,,,678,dataset/Нц-37-0587_orig.jpg,cu_data/dataset/Нц-37-0587_orig.jpg,True,Нц-37-0587,Нц-37-0587,Изразец,изразец,Керамика,керамика,Фрагмент,фрагмент,Изразец,изразец,False,False,False,False,ok,pool_candidate,multi-view,0.194915,white,False,False,керамика,1,изразец
8783,Нц-37-0653,Изразец,Изразца красноглиняного с белой поливой фр-т,Керамика,12.5+ 9 х 5.8 см,Фрагмент,Строительный мусор/ гориз.1.1,,,682,dataset/Нц-37-0653_orig.jpg,cu_data/dataset/Нц-37-0653_orig.jpg,True,Нц-37-0653,Нц-37-0653,Изразец,изразец,Керамика,керамика,Фрагмент,фрагмент,Изразец,изразец,False,False,False,False,ok,pool_candidate,multi-view,0.209171,white,False,False,керамика,1,изразец
8786,Нц-37-0656,Изразец,Изразец красноглиняный с белой поливой,Керамика,27.5 х 18 х 5.8 см,Целый,Строительный мусор/ гориз.1.1,,,685,dataset/Нц-37-0656_orig.jpg,cu_data/dataset/Нц-37-0656_orig.jpg,True,Нц-37-0656,Нц-37-0656,Изразец,изразец,Керамика,керамика,Целый,целый,Изразец,изразец,False,False,False,False,ok,pool_candidate,multi-view,0.377541,white,False,False,керамика,1,изразец
8978,Нц-40-067,Тарелка,Тарелки красноглиняной с бело-зеленой росписью по коричневой поливе внутри края фр-т,Керамика,D27 см,Фрагмент,Техноген/ гориз.1,,,691,dataset/Нц-40-067_orig.jpg,cu_data/dataset/Нц-40-067_orig.jpg,True,Нц-40-067,Нц-40-067,Тарелка,тарелка,Керамика,керамика,Фрагмент,фрагмент,Тарелка,тарелка,False,False,False,False,ok,pool_candidate,single-fragment,0.402504,white,False,False,керамика,1,тарелка
9969,Нц-44-1075,Тарелка,Тарелки фаянсовой венчика фр-т,Фаянс,D32 см,Фрагмент,Щепа/ гориз.3,,,713,dataset/Нц-44-1075_orig.jpg,cu_data/dataset/Нц-44-1075_orig.jpg,True,Нц-44-1075,Нц-44-1075,Тарелка,тарелка,Фаянс,фаянс,Фрагмент,фрагмент,Тарелка,тарелка,False,False,False,False,ok,pool_candidate,single-fragment,0.313275,white,True,False,фарфор_фаянс,1,тарелка
10159,Нц-45-0121,Тарелка,Тарелки фарфоровой стенки фр-т,Фарфор,,Фрагмент,Шлак/ гориз.6,,,733,dataset/Нц-45-0121_orig.jpg,cu_data/dataset/Нц-45-0121_orig.jpg,True,Нц-45-0121,Нц-45-0121,Тарелка,тарелка,Фарфор,фарфор,Фрагмент,фрагмент,Тарелка,тарелка,False,False,False,False,ok,pool_candidate,single-fragment,0.216249,white,True,False,фарфор_фаянс,1,тарелка
10164,Нц-45-0160,Изразец,Изразца красноглиняного румпы фр-т,Керамика,,Фрагмент,Шлак/ гориз.6,,,734,dataset/Нц-45-0160_orig.jpg,cu_data/dataset/Нц-45-0160_orig.jpg,True,Нц-45-0160,Нц-45-0160,Изразец,изразец,Керамика,керамика,Фрагмент,фрагмент,Изразец,изразец,False,False,False,False,ok,pool_candidate,multi-view,0.203833,white,False,False,керамика,1,изразец
10180,Нц-45-0273,Тарелка,Тарелки фаянсовой венчика фр-т,Фаянс,D24 см,Фрагмент,Шлак/ гориз.6,,,741,dataset/Нц-45-0273_orig.jpg,cu_data/dataset/Нц-45-0273_orig.jpg,True,Нц-45-0273,Нц-45-0273,Тарелка,тарелка,Фаянс,фаянс,Фрагмент,фрагмент,Тарелка,тарелка,False,False,False,False,ok,pool_candidate,single-fragment,0.274693,white,True,False,фарфор_фаянс,1,тарелка
10213,Нц-45-0391,Тарелка,Тарелки фаянсовой с золотистой росписью внутри венчика фр-т,Фаянс,D22 см,Фрагмент,Битый кирпич/ гориз.9,,,748,dataset/Нц-45-0391_orig.jpg,cu_data/dataset/Нц-45-0391_orig.jpg,True,Нц-45-0391,Нц-45-0391,Тарелка,тарелка,Фаянс,фаянс,Фрагмент,фрагмент,Тарелка,тарелка,False,False,False,False,ok,pool_candidate,multi-view,0.190543,white,False,False,фарфор_фаянс,1,тарелка
10223,Нц-45-0416,Тарелка,Тарелки красноглиняной со следами зеленой поливой снаружи и с полихромной поливой внутри венчика фр-т,Керамика,D18 см,Фрагмент,Шлак/ гориз.6,,,753,dataset/Нц-45-0416_orig.jpg,cu_data/dataset/Нц-45-0416_orig.jpg,True,Нц-45-0416,Нц-45-0416,Тарелка,тарелка,Керамика,керамика,Фрагмент,фрагмент,Тарелка,тарелка,False,False,False,False,ok,pool_candidate,single-fragment,0.325623,white,True,False,керамика,1,тарелка
10338,Нц-45-1035,Изразец,Изразца красноглиняного со следами темной поливы румпы фр-т,Керамика,,Фрагмент,Шлак/ гориз.6,,,779,dataset/Нц-45-1035_orig.jpg,cu_data/dataset/Нц-45-1035_orig.jpg,True,Нц-45-1035,Нц-45-1035,Изразец,изразец,Керамика,керамика,Фрагмент,фрагмент,Изразец,изразец,False,False,False,False,ok,pool_candidate,multi-view,0.345463,white,True,False,керамика,1,изразец
10387,Нц-45-1233,Изразец,Изразец красноглиняный орнаментированный,Керамика,"24,9 x 9,8 x 7,6 см",Целый,Шлак/ гориз.6,,,783,dataset/Нц-45-1233_orig.jpg,cu_data/dataset/Нц-45-1233_orig.jpg,True,Нц-45-1233,Нц-45-1233,Изразец,изразец,Керамика,керамика,Целый,целый,Изразец,изразец,False,False,False,False,ok,pool_candidate,multi-view,0.383919,white,False,False,керамика,1,изразец
10389,Нц-45-1236,Изразец,Изразца красноглинянного орнаментированного фр-т,Керамика,"9,4+ x 13,2 x 8,9 см",Фрагмент,Шлак/ гориз.6,,,784,dataset/Нц-45-1236_orig.jpg,cu_data/dataset/Нц-45-1236_orig.jpg,True,Нц-45-1236,Нц-45-1236,Изразец,изразец,Керамика,керамика,Фрагмент,фрагмент,Изразец,изразец,False,False,False,False,ok,pool_candidate,single-fragment,0.472768,white,False,False,керамика,1,изразец
10395,Нц-45-1243,Изразец,Изразца красноглиняного орнаментированного с фр-т,Керамика,"10+ x 11 x 6,6 см",Фрагмент,Щепа/ гориз.7,,,787,dataset/Нц-45-1243_orig.jpg,cu_data/dataset/Нц-45-1243_orig.jpg,True,Нц-45-1243,Нц-45-1243,Изразец,изразец,Керамика,керамика,Фрагмент,фрагмент,Изразец,изразец,False,False,False,False,ok,pool_candidate,single-fragment,0.589979,white,True,False,керамика,1,изразец
10433,Нц-45-1288,Изразец,Изразец красноглиняный с белой поливой,Керамика,"16,2 x 10,7 x 6 см",Целый,Шлак/ гориз.6,,,793,dataset/Нц-45-1288_orig.jpg,cu_data/dataset/Нц-45-1288_orig.jpg,True,Нц-45-1288,Нц-45-1288,Изразец,изразец,Керамика,керамика,Целый,целый,Изразец,изразец,False,False,False,False,ok,pool_candidate,multi-view,0.257309,white,False,False,керамика,1,изразец
10555,Нц-45-1466,Изразец,Изразца красноглиняного со следами темной поливы фр-т,Керамика,,Фрагмент,Слой разрушения/ гориз.12,,,805,dataset/Нц-45-1466_orig.jpg,cu_data/dataset/Нц-45-1466_orig.jpg,True,Нц-45-1466,Нц-45-1466,Изразец,изразец,Керамика,керамика,Фрагмент,фрагмент,Изразец,изразец,False,False,False,False,ok,pool_candidate,single-fragment,0.403132,white,True,True,керамика,1,изразец
10556,Нц-45-1467,Изразец,Изразца красноглиняного с темной поливой и с рельефным орнаментом фр-т,Керамика,"7,2+ x 8,5+ x 3,2+ см",Фрагмент,Слой разрушения/ гориз.12,,,806,dataset/Нц-45-1467_orig.jpg,cu_data/dataset/Нц-45-1467_orig.jpg,True,Нц-45-1467,Нц-45-1467,Изразец,изразец,Керамика,керамика,Фрагмент,фрагмент,Изразец,изразец,False,False,False,False,ok,pool_candidate,single-fragment,0.424452,white,True,False,керамика,1,изразец
10601,Нц-45-1537,Изразец,Изразца красноглиняного с темной перламутровой поливой и рельефным орнаментом фр-т,Керамика,"7,9+ x 2,6+ x 3,8 см",Фрагмент,Светло-серая супесь с включением дерна/ гориз.10,,,810,dataset/Нц-45-1537_orig.jpg,cu_data/dataset/Нц-45-1537_orig.jpg,True,Нц-45-1537,Нц-45-1537,Изразец,изразец,Керамика,керамика,Фрагмент,фрагмент,Изразец,изразец,False,False,False,False,ok,pool_candidate,single-fragment,0.331438,white,True,True,керамика,1,изразец
10618,Нц-45-1564,Миска,Миски  красноглиняного со следами темной поливы с белой росписью внутри венчика фр-т,Керамика,D29 см,Фрагмент,Светло-серая супесь с включением дерна/ гориз.10,,,812,dataset/Нц-45-1564_orig.jpg,cu_data/dataset/Нц-45-1564_orig.jpg,True,Нц-45-1564,Нц-45-1564,Миска,миска,Керамика,керамика,Фрагмент,фрагмент,Миска,миска,False,False,False,False,ok,pool_candidate,single-fragment,0.310167,white,True,False,керамика,1,миска
10745,Нц-46-193,Тарелка,Тарелки фаянсовой с белой поливой внутри и снаружи профиля фр-т,Фаянс,D25 см,Фрагмент,Шлак,,,822,dataset/Нц-46-193_orig.jpg,cu_data/dataset/Нц-46-193_orig.jpg,True,Нц-46-193,Нц-46-193,Тарелка,тарелка,Фаянс,фаянс,Фрагмент,фрагмент,Тарелка,тарелка,False,False,False,False,ok,pool_candidate,single-fragment,0.35605,white,False,False,фарфор_фаянс,1,тарелка
10757,Нц-46-230,Блюдце,Блюдца фарфорового с полихромной росписью внутри придонной части фр-т,Фарфор,D6 см,Фрагмент,Шлак,,,829,dataset/Нц-46-230_orig.jpg,cu_data/dataset/Нц-46-230_orig.jpg,True,Нц-46-230,Нц-46-230,Блюдце,блюдце,Фарфор,фарфор,Фрагмент,фрагмент,Блюдце,блюдце,False,False,False,False,ok,pool_candidate,multi-view,0.24508,white,True,False,фарфор_фаянс,1,блюдце
10848,Нц-46-422,Блюдце,Блюдца фарфорового профиля клейменного фр-т (красное надглазурное клеймо «Т-ва  М.С. Кузнецова» Р.Ф.),Фарфор,"D7,4 см",Фрагмент,Шлак,,,843,dataset/Нц-46-422_orig.jpg,cu_data/dataset/Нц-46-422_orig.jpg,True,Нц-46-422,Нц-46-422,Блюдце,блюдце,Фарфор,фарфор,Фрагмент,фрагмент,Блюдце,блюдце,False,False,False,False,ok,pool_candidate,multi-view,0.177079,white,False,False,фарфор_фаянс,1,блюдце
10898,Нц-46-593,Тарелка,Тарелки фаянсовой с зеленой росписью по белой поливе внутри и белой поливой снаружи профиля фр-т,Фаянс,"9,5+ х 6+ х 0,3 см",Фрагмент,Шлак,,,848,dataset/Нц-46-593_orig.jpg,cu_data/dataset/Нц-46-593_orig.jpg,True,Нц-46-593,Нц-46-593,Тарелка,тарелка,Фаянс,фаянс,Фрагмент,фрагмент,Тарелка,тарелка,False,False,False,False,ok,pool_candidate,multi-view,0.166114,white,False,True,фарфор_фаянс,1,тарелка
10910,Нц-46-727,Тарелка,Тарелки фаянсовой с полихромной росписью края по белой поливе внутри и с белой поливой снаружи края рельефного фр-т,Фаянс,"10+ х 5,5+ см",Фрагмент,Шлак,,,849,dataset/Нц-46-727_orig.jpg,cu_data/dataset/Нц-46-727_orig.jpg,True,Нц-46-727,Нц-46-727,Тарелка,тарелка,Фаянс,фаянс,Фрагмент,фрагмент,Тарелка,тарелка,False,False,False,False,ok,pool_candidate,multi-view,0.200603,white,False,False,фарфор_фаянс,1,тарелка
10981,Нц-47-324,Изразец,Изразца красноглиняного орнаментированного с черной поливой фр-т,Глина,,Фрагмент,,,,851,dataset/Нц-47-324_orig.jpg,cu_data/dataset/Нц-47-324_orig.jpg,True,Нц-47-324,Нц-47-324,Изразец,изразец,Глина,глина,Фрагмент,фрагмент,Изразец,изразец,False,False,False,False,ok,pool_candidate,multi-view,0.39514,white,True,False,керамика,1,изразец
11189,Нц-48-217,Миска,Миски  красноглиняной со сливом темно-серебристой поливой снаружи и внутри профиль,Керамика,D23 см,Фрагмент,"Темно-серая гумусированная супесь/ гориз.6, 7",,,858,dataset/Нц-48-217_orig.jpg,cu_data/dataset/Нц-48-217_orig.jpg,True,Нц-48-217,Нц-48-217,Миска,миска,Керамика,керамика,Фрагмент,фрагмент,Миска,миска,False,False,False,False,ok,pool_candidate,multi-view,0.331395,white,False,False,керамика,1,миска
11353,Нц-49-074,Тарелка,Тарелки красноглиняной с ангобом снаружи и коричневой и желтой поливой внутри фр-т,Керамика,D16 см,Фрагмент,Строительный мусор/ гориз.1,,,870,dataset/Нц-49-074_orig.jpg,cu_data/dataset/Нц-49-074_orig.jpg,True,Нц-49-074,Нц-49-074,Тарелка,тарелка,Керамика,керамика,Фрагмент,фрагмент,Тарелка,тарелка,False,False,False,False,ok,pool_candidate,single-fragment,0.31591,white,True,False,керамика,1,тарелка
11619,Нц-52-514,Изразец,Изразца красноглиняного с голубым орнаментом по белой поливе фр-т,Керамика,27.8 х 11.6 х 5 см,Фрагмент,Строительный мусор/ гориз.1,,,887,dataset/Нц-52-514_orig.jpg,cu_data/dataset/Нц-52-514_orig.jpg,True,Нц-52-514,Нц-52-514,Изразец,изразец,Керамика,керамика,Фрагмент,фрагмент,Изразец,изразец,False,False,False,False,ok,pool_candidate,single-fragment,0.193831,white,False,False,керамика,1,изразец
11672,Нц-53-067,Изразец,Изразца красноглиняного рамочного с коричневой поливой снаружи угловой части с румпой фр-т ,Керамика,"6,5+ х 4+ см",Фрагмент,Супесь светло-серая/ гориз.3,,,890,dataset/Нц-53-067_orig.jpg,cu_data/dataset/Нц-53-067_orig.jpg,True,Нц-53-067,Нц-53-067,Изразец,изразец,Керамика,керамика,Фрагмент,фрагмент,Изразец,изразец,False,False,False,False,ok,pool_candidate,single-fragment,0.360479,white,False,True,керамика,1,изразец
